chinupsup1.jpg,564.88,265.54114,-249.7993,578.5035,250.67975,-226.03384,586.33594,251.26236,-226.14836,594.32513,251.74084,-226.26735,557.4897,250.20653,-214.67717,550.25385,250.06279,-214.65414,542.9639,250.03198,-214.88927,608.0254,266.2121,-74.66621,539.7866,262.83444,-18.39471,581.31067,289.8896,-195.56647,552.9822,288.7008,-178.87651,668.7868,386.2753,-41.427834,488.53867,392.1735,131.67934,713.68524,510.651,-213.80453,439.4159,540.76935,-15.0957985,692.13116,389.3391,-539.75854,403.5802,438.5022,-411.68243,688.4286,354.42792,-614.0509,397.09113,410.80692,-478.50342,688.2158,334.9441,-609.60455,393.58286,384.40732,-492.7268,684.20233,347.48044,-546.3197,404.8233,395.53314,-428.46683,603.7946,673.1513,-83.69593,503.699,669.7883,84.06534,555.6079,890.1249,-131.02486,461.52426,901.13855,27.505594,524.91614,1112.423,-34.554962,437.38022,1120.5337,120.33401,533.92035,1139.2678,-38.479065,450.76743,1153.1682,116.49016,458.327,1188.6982,-227.46579,375.92715,1190.4398,-54.575607
chinupsup10.jpg,656.9314,67.061806,-44.08308,686.86334,45.769615,-52.790184,697.7806,47.388268,-53.02933,708.84344,48.887043,-53.141262,664.2532,43.04346,-3.959909,658.74976,42.289238,-4.0931473,653.0014,41.657124,-4.110813,739.8529,75.23632,-19.531338,666.1082,61.39824,206.78369,678.149,105.98288,-32.40494,647.64545,101.56099,34.17995,796.13495,241.66943,-117.59331,594.9471,259.87808,375.62827,806.57263,381.1881,-387.60263,511.903,456.6205,450.53354,748.20825,204.24791,-627.4625,454.40063,326.83377,323.5945,741.1997,153.09894,-687.439,446.20935,292.7502,332.8775,742.1344,135.82117,-666.7422,445.7115,266.4422,308.30682,736.10565,156.38924,-625.70166,462.0939,279.50723,309.0284,675.7522,662.2234,-188.43112,561.64624,658.7442,188.53165,477.9083,948.57227,-284.2623,457.47867,956.2788,21.184395,330.79623,1301.9811,-424.41458,370.20413,1319.4802,-57.432922,333.3617,1371.3965,-451.25818,375.31406,1392.395,-76.40208,190.59955,1335.052,-656.2804,254.20818,1357.7639,-234.83424
chinupsup12.jpg,717.3444,163.70515,-52.57743,739.35284,137.8894,-111.732475,744.7235,137.84775,-111.938,750.2587,137.74733,-112.21957,734.8244,137.55145,-37.278923,736.4862,136.83563,-37.431305,738.0531,136.2422,-37.64374,786.73016,150.09326,-231.69237,770.35834,145.6897,104.98373,733.98016,194.07378,-86.751274,728.3437,192.87723,11.36309,823.4883,322.61603,-320.12457,765.6768,301.8347,264.2498,742.01733,493.62555,-273.52023,675.8586,493.89197,150.01137,666.7822,380.90402,75.443954,631.7634,363.27377,-233.11676,655.3592,345.01624,82.53781,627.252,319.0818,-299.10287,665.2009,327.38348,82.806076,622.4704,298.09686,-298.1272,669.2388,337.2995,82.81278,629.7961,317.07425,-250.6342,681.7297,744.9724,-200.40382,649.738,716.8573,200.53722,496.93387,1012.38947,-127.87684,492.09024,1000.55145,210.76501,330.52228,1303.5396,-46.655647,354.96548,1290.374,266.0401,328.27924,1357.8302,-43.577538,358.63162,1348.5223,258.41376,206.66786,1322.8146,-177.61276,237.03377,1318.4661,133.8191
chinupsup13.jpg,721.05493,233.36505,214.84254,720.93604,210.07124,145.48538,715.6739,209.75012,145.58173,710.7291,209.50253,145.55351,741.22955,211.8703,165.56651,749.2295,212.38116,166.00218,757.28107,213.29149,165.93414,710.5051,228.9524,-89.22609,775.5611,233.46983,18.401539,713.6555,261.76483,146.21968,730.28253,261.77335,179.1345,620.6741,377.74313,-177.07333,865.55457,422.1433,-7.616974,511.17154,506.5968,62.386578,842.34283,631.6057,177.03452,525.4408,428.65723,424.97485,768.14215,580.60284,464.86722,513.18713,402.2172,437.41232,762.9029,565.4734,518.1595,537.15326,383.57602,446.3656,740.81396,545.08795,517.037,551.5403,396.55804,431.8738,740.716,550.91205,470.43466,587.6801,808.3369,-61.69914,725.5725,826.18774,62.861015,468.75076,1037.6572,250.5614,577.6235,1054.5812,379.1283,374.95764,1278.0276,379.1349,437.47787,1281.1945,523.016,373.03696,1331.9122,392.08356,419.81113,1328.3918,538.9505,308.0428,1262.2869,459.29996,387.10333,1294.8065,621.4565
chinupsup14.jpg,686.3154,159.34044,86.48052,673.3527,137.73811,15.485991,664.23615,138.9144,15.738891,655.44763,140.21141,16.080866,701.6831,134.18832,18.05854,712.1841,132.33777,17.912926,722.7702,130.89471,17.537071,643.38007,158.7988,-218.19272,736.65686,147.1324,-192.7215,672.7197,191.16211,16.582682,700.4932,185.14893,26.019932,539.9262,313.60165,-289.3778,842.5162,343.30978,-263.4875,388.4593,398.25345,-99.52115,944.9319,559.319,-188.17647,402.30182,354.163,15.469298,968.74554,566.4219,25.235598,384.8408,328.80518,-26.399923,988.9947,556.51556,48.150723,412.53204,310.5471,-33.79536,959.764,540.6235,53.33215,426.89017,327.51694,9.335537,944.8415,543.92993,35.008923,580.7731,787.06555,-10.921126,730.14105,799.73303,11.806419,545.8549,1018.14606,443.71594,655.58704,1021.7573,419.8005,520.7316,1212.1649,811.5433,559.0118,1201.5914,835.8971,523.3275,1256.2771,848.5938,546.4301,1242.1335,875.79156,497.0254,1176.143,906.26544,540.7906,1177.1858,923.6049
chinupsup15.jpg,659.14575,133.85497,105.06894,640.40686,110.60434,12.380899,627.9182,112.011566,12.999809,615.64355,113.52505,13.019823,677.6663,109.4359,4.0900526,690.3427,108.96938,3.682306,702.6979,108.96332,2.9468386,597.655,141.78984,-247.11876,721.16046,133.34558,-271.14432,644.40466,167.82852,31.272839,680.81885,164.28275,27.064861,477.72696,341.20068,-280.30005,822.9453,340.14285,-370.9609,321.58844,502.64368,8.89309,984.59247,501.05072,-169.37714,405.34393,391.16428,451.84506,987.89453,335.09924,168.84927,401.65445,339.8367,493.2163,1010.8553,276.78497,171.57846,439.18158,329.38678,469.65207,969.26337,259.3396,220.06223,450.0738,356.49988,447.21585,956.0164,285.65952,192.25998,573.40704,829.4994,36.457375,742.22437,848.3067,-35.98453,645.85175,1012.55884,656.4784,783.3673,1019.7035,555.2471,742.29944,1179.6171,1023.0729,790.70966,1197.2974,977.87476,758.9228,1220.2823,1067.7949,787.75336,1239.443,1019.18585,748.6858,1146.6321,1158.9849,824.5492,1169.3445,1126.468
chinupsup16.jpg,421.18982,186.98224,168.659,413.95956,168.92249,104.5309,407.17212,168.94537,104.75324,400.6036,168.9814,104.831406,434.16177,170.20578,105.95774,440.53455,170.59445,106.018555,446.73236,171.29634,105.79633,389.3038,183.145,-87.071556,454.19086,186.10782,-73.33739,409.8119,208.24277,113.14501,428.11322,208.35559,119.18657,295.99942,303.81238,-177.4717,506.57205,319.41788,-76.417694,198.73738,425.8513,15.796834,579.54175,468.98096,157.51369,227.0889,357.3026,344.85577,532.91394,407.98514,505.6736,221.16484,328.9199,367.93643,532.6684,385.29974,557.24835,244.88861,315.89066,381.13583,507.73984,372.8453,550.88257,252.51637,329.6957,354.50793,506.10382,381.26285,511.15558,319.8105,627.59174,-32.30792,427.7669,630.92126,32.95041,303.9036,821.9782,212.28236,387.86203,826.5165,308.24454,291.3992,1012.9808,410.0313,345.36057,1005.5093,565.6924,295.11084,1051.708,430.30032,336.62067,1039.4734,591.0956,262.9651,1011.1266,435.71527,341.94778,1017.01196,629.5082
chinupsup17.jpg,527.0405,180.73549,174.67708,527.7677,161.85393,111.42938,522.84985,161.39044,111.65451,518.20184,160.88774,111.77852,545.2901,163.69803,135.16568,552.2924,164.03961,135.32384,559.30084,164.70906,134.9438,518.3885,173.53189,-96.030914,574.3372,177.7787,18.785892,518.7033,202.37297,111.70118,535.06134,203.04938,146.21613,452.51706,297.1848,-217.15154,632.5541,329.4481,64.004684,360.9621,440.34192,-5.9190764,648.5126,493.36047,314.10208,355.26703,416.88364,377.7443,571.03516,460.88058,705.2772,344.0185,407.29718,403.16373,561.38586,449.35355,773.34064,358.8325,391.28394,413.34625,544.54785,438.0939,762.70123,369.45062,399.4631,392.3122,545.24945,444.20224,709.8967,410.51474,644.32764,-105.06765,503.86276,658.25085,105.6445,343.5904,860.44867,57.38102,406.7037,868.2602,248.17934,282.41458,1077.2006,179.55843,335.52466,1077.3679,403.929,285.02124,1124.8606,187.89682,330.6363,1121.6465,416.33496,214.91547,1065.5137,176.19592,281.21313,1080.227,433.43478
chinupsup18.jpg,651.8754,122.38918,31.601599,662.08606,105.193115,-24.338692,661.7176,105.80166,-24.295853,661.52673,106.4312,-24.286327,671.1222,104.58126,21.52555,676.46704,104.56003,21.64571,681.9585,104.7722,21.371649,676.63605,122.01027,-178.17873,706.32666,118.12271,28.447031,653.43604,148.28339,-10.187685,661.5259,146.89728,50.265083,627.3794,247.93436,-264.6179,777.0706,270.27567,130.87434,538.2188,403.7471,-177.23534,760.69824,434.9141,289.31552,536.0844,335.3838,48.413467,687.7219,393.83716,524.5569,528.9367,310.08868,40.508667,681.2003,378.1723,563.3704,548.3899,291.25473,53.338795,664.3768,364.3851,540.41077,557.1202,304.7847,58.615208,662.69476,373.48105,518.82837,565.0682,607.18616,-146.68443,644.22485,614.17944,147.437,466.34998,832.0244,-21.357235,524.2265,835.8298,238.60596,370.60666,1072.7797,100.348694,427.02954,1059.314,401.64258,373.20758,1124.3992,108.57039,426.49176,1110.8135,413.04205,275.52762,1054.5214,56.20586,342.04996,1046.0651,389.04636
chinupsup19.jpg,544.3462,173.29147,157.80295,536.32733,155.28894,95.20076,528.9395,156.48376,95.43632,521.7109,157.67355,95.51479,559.6634,151.70609,101.37384,567.8966,149.84946,101.55529,576.12396,148.31537,101.23196,512.6807,174.06921,-118.52299,587.56555,161.26733,-80.87644,532.43726,198.10217,93.66629,552.7078,192.68388,106.47294,425.58118,316.4134,-246.42548,677.7577,313.19577,-92.65891,323.66245,458.1724,-57.97406,755.6811,495.95175,128.50214,320.31583,374.53793,242.16644,704.8623,442.5828,520.4205,305.66678,345.31598,253.6217,708.73285,420.5777,570.0221,329.70908,327.1014,255.59602,677.79095,407.94672,564.4548,343.4152,341.4631,248.99962,672.10785,417.31897,526.10364,457.66196,700.6576,-85.57597,592.3649,697.81616,85.856865,449.01633,946.62964,171.37073,538.7612,948.0254,308.33426,452.88928,1175.3094,334.448,498.4054,1169.2406,531.2075,470.0376,1216.5479,349.29828,499.13504,1207.0083,551.3617,396.89853,1175.3881,390.54214,459.32352,1184.1245,610.24225
chinupsup20.jpg,417.7737,182.22186,168.3525,405.78488,160.02182,106.16288,398.7395,160.75813,106.47792,391.8319,161.5108,106.343025,426.80728,158.93463,89.1341,432.8197,158.35207,89.4603,438.7672,158.06207,89.44021,379.88712,179.51231,-66.76128,445.06918,172.85431,-144.34544,410.78387,208.427,120.29574,428.07303,206.65112,100.183044,290.91568,336.4798,-80.6305,525.89996,316.64313,-239.66617,239.63762,505.59232,173.44917,658.1719,456.532,-69.154884,299.4149,470.92007,539.05334,658.2344,363.63104,235.53712,298.3421,454.10385,592.66016,673.05023,332.65372,244.00612,320.21533,437.8999,590.1388,643.55493,315.95673,250.45477,327.69193,444.53262,546.4036,636.4251,329.77322,244.59427,399.2439,717.0158,80.32136,522.722,705.9482,-79.44119,484.4266,943.0227,304.01904,569.095,924.22156,188.06258,547.6169,1174.2168,493.11475,598.18896,1163.8848,399.6626,552.22644,1223.1984,510.55463,585.66345,1212.3378,418.29828,583.17633,1165.0476,541.4834,666.00287,1168.6212,464.89694
chinupsup21.jpg,479.55914,142.7262,57.958305,461.73938,118.884315,58.372723,456.38287,117.81607,58.637165,451.09222,116.65638,58.4774,469.8467,122.96734,0.52089065,469.14566,124.331245,0.6548997,468.54578,125.80771,0.563333,423.15292,131.96515,87.07385,449.3685,143.40906,-169.80527,468.6416,167.06079,83.60689,474.54312,171.53098,9.861395,349.22482,273.75674,236.89494,485.0122,264.33322,-278.6399,447.45242,387.71204,500.84415,598.3033,369.94406,-244.85277,557.0645,302.6081,661.75616,646.38385,231.57404,-100.57646,571.1479,271.38058,702.98596,660.6707,185.52309,-130.873,582.2282,253.6072,665.947,634.46356,170.65237,-112.77702,584.42175,266.3997,648.9239,628.72516,189.08083,-86.388504,464.95712,644.6951,190.3152,542.20715,645.2785,-190.04074,594.2999,884.4698,358.8276,684.6863,871.53564,-118.01462,704.15826,1106.877,553.26105,790.1806,1142.9619,-89.3081,698.4908,1159.5913,567.8341,781.00946,1203.7207,-87.338615,810.6031,1092.4222,536.5045,884.58466,1140.8745,-136.92314
chinupsup22.jpg,584.0902,235.86891,56.22608,561.0435,210.06151,78.97063,557.8017,209.73953,79.03415,554.72437,209.24567,78.664665,560.76215,210.52197,6.2175255,555.81433,210.21011,5.964782,551.008,210.0191,5.622865,517.7919,222.72662,170.1908,515.62524,225.80269,-142.47578,571.2135,264.78973,98.98915,567.68335,265.30872,9.085013,488.41443,389.35025,302.60483,493.2223,362.37857,-302.94852,550.83295,471.1759,531.11975,622.72034,466.228,-538.78906,604.3026,365.31232,626.5105,670.13574,309.40887,-686.524,611.8066,332.42078,643.1252,680.546,263.58832,-755.6489,621.81366,314.71335,602.6164,657.3233,251.94226,-751.2445,619.7059,323.94055,604.19086,655.643,271.89926,-685.14355,582.56964,761.4152,180.74673,582.29,765.3178,-180.73204,684.17175,1075.7025,120.894775,720.4813,1062.2849,-144.82402,738.357,1372.9039,189.18631,776.19183,1352.845,-81.95328,719.53516,1420.2483,187.8354,757.2609,1401.891,-82.91562,833.6364,1420.1388,53.05914,875.0931,1393.6426,-222.43842
chinupsup23.jpg,312.95633,222.88141,84.75032,296.62445,198.99445,69.7353,290.45816,197.72444,69.95415,284.39752,196.52687,69.56445,308.3991,202.25641,16.692678,309.01593,202.47832,16.708618,309.65378,202.91278,17.044813,257.0214,204.31474,25.458248,293.8691,210.27695,-216.99606,300.43,245.93729,83.1465,310.70264,248.46254,14.429724,145.38586,340.31317,133.8595,331.0703,331.4411,-352.72052,216.37335,473.6369,440.31454,482.24628,445.73306,-211.2671,318.22052,408.64188,754.8235,496.61517,314.72614,14.375136,337.90567,380.38855,803.4718,510.6359,272.92578,-25.026352,344.13797,375.7862,787.7256,484.99905,256.78616,-34.985203,340.5171,385.24387,751.5688,475.80017,277.84827,14.502415,233.56172,713.77026,183.87045,336.22403,714.3114,-183.16959,343.6272,920.5227,561.00446,435.62115,936.8394,170.78766,414.85843,1134.9135,908.65546,486.67606,1181.0491,450.70673,404.72873,1183.67,945.17017,469.75302,1234.3906,478.40494,498.75458,1130.5862,970.72046,581.01794,1178.7749,492.25125
chinupsup24.jpg,396.4412,139.72131,130.87859,388.30865,116.37428,46.906284,378.47217,115.40114,47.100864,368.96652,114.591125,46.504326,417.2895,119.123215,55.187622,427.29205,119.14856,55.623928,437.1144,119.67241,55.90794,356.6753,130.0486,-197.24072,450.43744,135.57214,-159.49756,379.90283,162.8904,59.393616,407.6821,163.6318,73.48961,247.34116,269.78528,-286.21173,534.31506,309.3059,-149.51413,103.75442,394.4496,55.24851,666.6389,483.8467,187.16331,123.81179,292.32684,603.54755,612.1684,340.3585,685.6284,119.87181,253.89021,644.34424,625.26514,299.7896,736.80206,144.09004,249.24614,654.3416,580.93335,283.68716,717.3466,153.51498,268.54907,616.71844,569.8258,303.21088,685.702,265.28275,724.46936,-60.07766,410.7945,739.7179,60.42874,237.18005,982.42035,366.50253,359.89554,990.9954,476.20255,213.68425,1220.2974,732.5946,309.06738,1214.8127,865.22314,220.25687,1265.145,770.521,299.1991,1250.1714,903.054,179.8574,1235.9636,794.13293,313.25977,1253.8872,940.41064
chinupsup25.jpg,421.18982,186.98224,168.659,413.95956,168.92249,104.5309,407.17212,168.94537,104.75324,400.6036,168.9814,104.831406,434.16177,170.20578,105.95774,440.53455,170.59445,106.018555,446.73236,171.29634,105.79633,389.3038,183.145,-87.071556,454.19086,186.10782,-73.33739,409.8119,208.24277,113.14501,428.11322,208.35559,119.18657,295.99942,303.81238,-177.4717,506.57205,319.41788,-76.417694,198.73738,425.8513,15.796834,579.54175,468.98096,157.51369,227.0889,357.3026,344.85577,532.91394,407.98514,505.6736,221.16484,328.9199,367.93643,532.6684,385.29974,557.24835,244.88861,315.89066,381.13583,507.73984,372.8453,550.88257,252.51637,329.6957,354.50793,506.10382,381.26285,511.15558,319.8105,627.59174,-32.30792,427.7669,630.92126,32.95041,303.9036,821.9782,212.28236,387.86203,826.5165,308.24454,291.3992,1012.9808,410.0313,345.36057,1005.5093,565.6924,295.11084,1051.708,430.30032,336.62067,1039.4734,591.0956,262.9651,1011.1266,435.71527,341.94778,1017.01196,629.5082
chinupsup26.jpg,527.0405,180.73549,174.67708,527.7677,161.85393,111.42938,522.84985,161.39044,111.65451,518.20184,160.88774,111.77852,545.2901,163.69803,135.16568,552.2924,164.03961,135.32384,559.30084,164.70906,134.9438,518.3885,173.53189,-96.030914,574.3372,177.7787,18.785892,518.7033,202.37297,111.70118,535.06134,203.04938,146.21613,452.51706,297.1848,-217.15154,632.5541,329.4481,64.004684,360.9621,440.34192,-5.9190764,648.5126,493.36047,314.10208,355.26703,416.88364,377.7443,571.03516,460.88058,705.2772,344.0185,407.29718,403.16373,561.38586,449.35355,773.34064,358.8325,391.28394,413.34625,544.54785,438.0939,762.70123,369.45062,399.4631,392.3122,545.24945,444.20224,709.8967,410.51474,644.32764,-105.06765,503.86276,658.25085,105.6445,343.5904,860.44867,57.38102,406.7037,868.2602,248.17934,282.41458,1077.2006,179.55843,335.52466,1077.3679,403.929,285.02124,1124.8606,187.89682,330.6363,1121.6465,416.33496,214.91547,1065.5137,176.19592,281.21313,1080.227,433.43478
chinupsup27.jpg,655.0418,114.40856,-21.596344,668.5476,97.41165,-75.056496,669.9645,98.55818,-74.97428,671.5802,99.745445,-74.81311,674.14075,95.6302,-26.181295,678.46216,95.403046,-26.140408,682.936,95.404816,-26.458416,689.64075,119.12596,-224.29216,707.3815,112.26348,-2.7980647,659.3769,144.56883,-62.47242,662.143,141.78857,2.4223464,632.89044,251.74121,-298.0876,783.8907,279.11108,86.36162,558.28076,412.35458,-265.43466,776.3041,461.6743,222.3716,548.6703,353.38788,-124.74566,701.00867,450.94867,458.59814,539.2083,333.07825,-146.29076,691.9491,442.3843,500.27194,555.00507,310.37515,-127.59849,676.3052,430.90735,476.4805,564.49536,323.61395,-114.470955,674.93396,436.5538,453.0956,562.7137,605.94495,-134.67073,645.20935,617.7885,135.42346,467.5338,835.3248,19.895065,528.66254,845.3335,245.522,381.20013,1068.6229,159.91187,429.60812,1062.188,412.9442,382.17377,1117.0074,168.59567,426.641,1109.9855,424.91763,300.02515,1055.2974,125.88036,360.10684,1052.5828,403.13882
chinupsup28.jpg,547.8426,153.1687,145.34192,537.0028,134.32578,70.76482,528.2078,135.59137,71.15259,519.7162,136.84421,71.2843,563.7219,131.28508,75.48323,573.04065,129.81635,75.62474,582.2251,128.77504,75.35323,510.34283,156.84477,-164.89447,596.01984,145.79115,-132.13174,535.8065,180.61229,76.21374,559.6572,175.89586,87.82316,430.7121,315.15958,-276.7367,686.9928,307.4047,-144.43488,318.35748,465.69717,-20.007477,775.9891,489.43954,123.83659,318.66922,376.51758,343.3223,704.11993,429.36206,590.6446,304.60748,347.36746,358.1337,701.5019,404.11624,654.57623,327.85358,327.59097,360.20102,668.665,393.30927,651.2153,341.10175,341.5311,350.35214,665.50165,403.83868,600.2834,466.08868,713.7887,-67.026764,598.0258,713.7728,67.40178,451.28903,957.9539,274.6763,542.6807,956.3245,405.3888,446.11935,1192.8866,550.7179,495.11823,1173.7084,725.39496,456.48767,1240.5391,578.9766,489.3946,1216.0142,758.68964,398.6436,1184.876,630.4087,473.36737,1178.5765,827.34015
chinupsup29.jpg,417.7737,182.22186,168.3525,405.78488,160.02182,106.16288,398.7395,160.75813,106.47792,391.8319,161.5108,106.343025,426.80728,158.93463,89.1341,432.8197,158.35207,89.4603,438.7672,158.06207,89.44021,379.88712,179.51231,-66.76128,445.06918,172.85431,-144.34544,410.78387,208.427,120.29574,428.07303,206.65112,100.183044,290.91568,336.4798,-80.6305,525.89996,316.64313,-239.66617,239.63762,505.59232,173.44917,658.1719,456.532,-69.154884,299.4149,470.92007,539.05334,658.2344,363.63104,235.53712,298.3421,454.10385,592.66016,673.05023,332.65372,244.00612,320.21533,437.8999,590.1388,643.55493,315.95673,250.45477,327.69193,444.53262,546.4036,636.4251,329.77322,244.59427,399.2439,717.0158,80.32136,522.722,705.9482,-79.44119,484.4266,943.0227,304.01904,569.095,924.22156,188.06258,547.6169,1174.2168,493.11475,598.18896,1163.8848,399.6626,552.22644,1223.1984,510.55463,585.66345,1212.3378,418.29828,583.17633,1165.0476,541.4834,666.00287,1168.6212,464.89694
chinupsup30.jpg,488.94995,143.65775,41.992878,471.01666,121.37015,51.345585,466.85568,120.378456,51.5424,462.7826,119.25986,51.369366,475.00443,125.53757,-8.874522,472.49808,127.013054,-8.70872,470.11798,128.58473,-8.766774,433.8265,134.03618,109.64995,446.78632,145.59436,-154.48413,479.12183,167.63568,77.0329,480.50064,172.13487,1.0595863,354.45322,282.78812,248.93863,492.48593,261.32825,-268.36664,465.922,393.6266,472.41467,617.169,361.50772,-216.08182,571.84924,304.25378,614.24335,652.18256,230.62572,-42.73396,583.8564,268.7245,657.7771,661.34106,183.43875,-73.62938,595.38635,252.33984,617.47125,633.5978,171.04987,-60.006516,597.5155,267.1967,600.4178,629.2606,191.56598,-30.640867,474.23697,639.6962,182.65671,557.1138,637.7813,-182.3769,600.5445,900.39484,274.98856,694.04407,885.95526,-110.595604,699.7007,1130.5352,402.26385,781.68964,1156.2161,-76.38459,693.68964,1184.2754,409.99213,771.66296,1218.389,-76.934044,805.3023,1111.7081,366.6632,872.9803,1140.4601,-135.40863
chinupsup31.jpg,584.0902,235.86891,56.22608,561.0435,210.06151,78.97063,557.8017,209.73953,79.03415,554.72437,209.24567,78.664665,560.76215,210.52197,6.2175255,555.81433,210.21011,5.964782,551.008,210.0191,5.622865,517.7919,222.72662,170.1908,515.62524,225.80269,-142.47578,571.2135,264.78973,98.98915,567.68335,265.30872,9.085013,488.41443,389.35025,302.60483,493.2223,362.37857,-302.94852,550.83295,471.1759,531.11975,622.72034,466.228,-538.78906,604.3026,365.31232,626.5105,670.13574,309.40887,-686.524,611.8066,332.42078,643.1252,680.546,263.58832,-755.6489,621.81366,314.71335,602.6164,657.3233,251.94226,-751.2445,619.7059,323.94055,604.19086,655.643,271.89926,-685.14355,582.56964,761.4152,180.74673,582.29,765.3178,-180.73204,684.17175,1075.7025,120.894775,720.4813,1062.2849,-144.82402,738.357,1372.9039,189.18631,776.19183,1352.845,-81.95328,719.53516,1420.2483,187.8354,757.2609,1401.891,-82.91562,833.6364,1420.1388,53.05914,875.0931,1393.6426,-222.43842
chinupsup32.jpg,320.79193,226.62357,-23.840727,302.82736,202.33841,-28.551441,296.86456,200.80118,-28.37768,290.99435,199.29703,-28.807806,312.04202,206.78238,-87.6305,311.0725,207.50352,-87.669464,310.0761,208.40424,-87.46587,257.78934,207.11775,-21.864754,285.9519,216.46304,-288.3494,306.18356,250.11252,-8.395288,313.9255,253.61143,-84.05397,138.08371,345.63437,97.05528,320.24643,342.7192,-413.1777,226.27373,482.92838,384.2319,500.49036,449.50446,-278.17526,309.21512,418.98734,723.8339,489.7922,315.9546,-90.3491,327.8408,389.32318,775.3097,498.1461,272.19324,-151.80406,331.43576,386.95074,767.3469,467.00177,260.6794,-176.14975,327.72052,397.5718,723.53534,458.99402,285.80655,-98.12195,226.00732,708.79926,181.08553,324.19272,714.2732,-180.68771,339.26974,924.2107,511.723,423.62415,930.58606,212.45984,414.75626,1147.9955,838.2011,471.8125,1169.1195,544.087,405.73764,1197.1794,870.9909,454.9019,1221.7534,577.14386,502.9411,1144.5511,852.8395,561.5692,1165.1232,578.7854
chinupsup33.jpg,395.2734,142.55042,109.65048,386.58585,121.102356,24.20609,376.5851,120.63109,24.42433,366.93887,120.29148,23.97075,416.716,123.1897,34.155304,427.29462,123.3498,34.579155,437.7328,123.994385,34.832085,355.03534,138.80814,-217.49792,452.87537,142.97293,-172.38579,378.64658,167.04683,40.673363,407.6044,167.24069,56.82086,247.9363,274.51526,-300.4211,545.8428,318.49866,-157.68816,99.73458,392.4491,-0.8129476,669.8467,490.6524,132.14392,123.24108,290.3972,428.377,616.01965,347.93243,594.98376,119.16894,252.02853,447.8833,629.604,306.01892,638.10626,145.42868,247.91599,454.51013,582.20135,290.0094,625.28906,155.47514,267.07663,437.0371,570.1456,308.7562,596.0639,272.36865,716.7825,-65.86494,419.98965,740.39496,66.1628,243.46739,982.27673,319.91318,359.28656,996.43524,415.29767,213.0848,1228.5414,656.4355,303.91718,1219.022,776.21735,218.22389,1273.8364,692.3977,297.50684,1254.2494,811.3152,176.2248,1244.2587,731.65234,295.53284,1252.8984,853.4516
chinupsup34.jpg,544.1764,246.6291,-63.829887,521.7868,224.7012,-53.43386,516.6558,223.69417,-53.2754,511.61707,222.56332,-53.41313,527.327,228.77884,-114.19489,525.0403,230.39377,-114.24263,522.86304,232.07965,-114.45039,478.11667,236.53278,11.106669,495.1183,248.24146,-255.88403,531.567,271.36365,-27.927889,536.06445,275.5026,-104.5043,415.6505,378.63022,154.394,531.2627,370.0319,-346.12927,558.49445,459.87006,291.51086,680.8156,472.07446,-258.7119,674.2782,368.50885,278.6269,725.78973,361.6616,-39.271896,687.47925,327.17557,280.6403,735.1947,319.11597,-78.17939,696.9201,313.55045,235.1914,707.69403,305.93988,-72.11431,696.74506,331.74155,256.79968,702.9205,325.20908,-31.628647,542.9502,728.48224,170.68774,607.30536,732.07556,-170.14076,658.41974,948.8473,297.73477,709.05176,954.6004,-3.565051,722.5017,1164.9169,487.61087,768.6215,1186.6304,156.54292,708.7939,1213.9285,500.96268,756.67834,1239.646,165.54318,818.018,1154.2839,451.0926,851.0956,1173.5605,86.0818
chinupsup35.jpg,472.46646,195.97641,-96.87901,450.74615,174.25748,-81.85545,445.1409,173.48196,-81.72817,439.61557,172.63618,-81.86936,457.2556,178.0585,-145.35567,455.00455,179.48524,-145.44855,452.8667,181.004,-145.58955,404.31058,189.69281,-13.791019,424.4284,199.40294,-290.50577,458.13614,223.50873,-59.38447,462.94904,226.64354,-138.73793,330.0379,339.7958,136.68744,456.19644,331.16687,-377.75372,463.20236,431.40872,347.95856,595.8534,443.60602,-235.8886,569.2821,342.73877,421.48248,635.2337,336.2257,-5.260984,577.2013,302.24228,429.64963,643.22687,292.40747,-42.117622,591.2856,290.2288,390.85226,613.9141,280.49857,-41.00735,593.8297,307.87222,403.5687,608.7585,300.6442,0.3973858,450.7748,682.06866,172.25667,519.3657,689.0276,-171.95921,560.6517,896.24615,362.02597,633.58075,917.6464,44.53926,621.2589,1095.9192,603.8779,690.5145,1127.268,269.1094,610.01044,1139.7664,626.34674,679.36615,1174.617,289.29456,706.40643,1093.881,604.7748,761.2251,1119.1808,239.14075
chinupsup36.jpg,466.711,110.27223,59.857124,442.50043,84.35875,36.55429,435.016,83.89183,36.75029,427.60226,83.42045,36.438652,457.50104,86.50514,-13.842031,458.39343,86.715256,-13.715032,459.25952,87.09778,-13.633521,388.47623,95.607666,-10.018047,435.08212,97.439804,-229.70276,449.34445,139.45547,55.8209,463.20926,140.08203,-6.3593826,258.23892,271.3304,-5.515105,486.225,253.70218,-317.1007,275.17468,462.94193,122.25084,674.79565,400.28802,-114.93421,362.10107,437.77838,399.76175,686.23157,258.41455,104.08796,377.6166,417.95956,438.7066,708.16315,215.00095,52.824966,397.86923,409.83148,443.16293,671.1854,198.481,27.800203,395.47653,416.52634,403.45343,657.62335,222.48619,89.87492,409.42007,683.8222,130.77364,526.54486,689.71515,-129.73428,529.5031,939.60803,281.18335,630.8907,957.60046,116.614716,621.32446,1177.0371,490.8145,676.5046,1208.677,364.27454,619.07635,1231.9353,511.02435,665.75586,1262.0153,380.80392,708.5122,1155.2179,496.71024,763.4881,1192.1244,365.09375
chinupsup37.jpg,415.47174,233.89778,119.97842,404.43884,213.87239,56.370865,396.4394,214.90997,56.690166,388.63947,215.97232,56.584057,428.78635,212.6457,43.356567,436.1793,212.0688,43.618645,443.49884,211.82104,43.609055,375.17004,237.93932,-129.08264,452.10544,230.4847,-185.64346,404.41156,263.33875,67.79184,425.67096,260.61002,53.356495,269.07132,399.5842,-169.14067,530.2784,394.89008,-256.16324,187.82391,561.8923,56.994476,643.8758,574.14105,-85.64551,242.43376,481.7791,394.24048,651.2411,465.6985,188.07248,240.39433,449.99084,426.4665,670.3401,427.11426,193.3629,266.6042,433.21115,423.92197,635.8871,408.49442,195.85944,275.34003,446.07043,397.58246,625.6843,425.2638,193.26414,372.29712,792.2299,49.10607,509.04944,791.76666,-48.272038,450.97,1040.0555,292.94604,543.42664,1022.8809,225.52621,507.75708,1275.1108,530.7991,556.9649,1250.7805,513.7812,510.8719,1322.6729,553.8264,547.15515,1294.5552,539.8463,543.41943,1269.0541,581.6551,604.5283,1255.9083,584.6222
chinupsup38.jpg,604.1313,154.8194,109.27186,590.6755,127.85557,32.80096,580.93225,127.74771,32.975883,571.5161,127.775345,32.705154,618.6385,128.41467,27.204615,627.5386,127.75326,27.516619,636.3836,127.525696,27.548658,553.68164,143.8563,-186.94144,645.2338,143.07507,-208.22061,588.42725,184.13887,47.46696,614.6018,182.1401,44.683453,426.6057,301.23172,-282.13205,736.0399,330.6565,-215.89024,264.0235,406.67108,-10.597289,869.80554,492.98486,45.0824,281.44366,263.4713,360.03693,831.3696,317.90927,464.8986,268.321,210.80818,373.01016,846.1628,263.99722,496.45862,300.68552,202.21219,374.53387,799.6085,243.54297,485.70712,315.536,227.73988,365.46152,790.80286,265.88654,466.03976,491.23502,815.81305,-28.119732,646.97003,825.1676,28.694925,485.31204,1116.9891,319.3313,588.85675,1122.4376,367.05658,492.6962,1386.0194,624.83777,519.46466,1374.2898,724.6734,507.49478,1437.908,655.8413,513.7053,1421.0676,755.8501,442.01453,1390.5442,659.1641,498.31638,1390.8849,780.04095
chinupsup4.jpg,596.0035,262.07828,-179.74649,606.22504,239.23291,-235.3772,608.808,239.11995,-235.15489,611.62897,239.11206,-235.21544,608.9628,238.2946,-179.82932,611.4068,237.58026,-179.78084,613.9106,237.21136,-179.76599,632.58966,251.60568,-363.10367,637.7989,247.17316,-108.22985,606.1897,286.08328,-212.16753,604.299,285.03033,-136.88321,621.15533,374.4567,-435.6775,696.71216,354.9545,57.194256,560.729,466.58694,-597.7244,613.80347,423.4673,343.58502,538.6918,419.685,-624.6797,511.83545,350.3823,537.7573,531.0998,402.30057,-682.40845,494.89713,323.06027,569.0619,540.921,391.3133,-663.2072,482.06268,311.82166,537.236,548.119,399.91815,-621.48016,484.88828,327.3026,525.9631,581.1581,737.58246,-145.56422,638.9711,720.5961,146.32968,528.19366,895.1803,236.29604,573.4803,900.8168,515.93634,525.0656,1066.062,655.31647,537.126,1066.7933,871.4705,536.8934,1093.1166,696.0986,542.08203,1093.0822,907.92786,469.41983,1096.4834,677.35803,490.6983,1105.4335,887.4015
chinupsup40.jpg,646.7485,254.55585,-113.617134,662.4434,233.88902,-173.60498,664.1457,234.64319,-173.43787,665.9906,235.51672,-173.33313,667.6523,233.16833,-117.01343,671.60657,233.0841,-116.850525,675.8102,233.36855,-116.80743,685.0007,255.27534,-334.58975,701.33844,251.61713,-77.74955,651.0491,284.9361,-157.95496,653.0,283.13565,-82.43559,629.65515,387.40057,-406.8573,767.8797,417.5845,54.22465,510.87225,484.17822,-398.73355,697.29767,572.16095,253.95517,509.2422,390.7068,-266.11505,601.01917,539.65857,409.58868,500.26956,355.6586,-310.29062,589.2069,524.8652,448.8279,524.7339,348.70187,-283.98502,572.4992,513.80884,410.37195,533.7407,367.61478,-255.8788,573.1503,521.33685,397.12543,556.20544,774.5728,-150.48512,642.66254,776.8981,151.87048,422.98557,956.60724,165.58464,491.3675,949.2067,422.3031,365.0012,1156.9521,453.8415,391.2868,1131.6621,709.56683,373.32294,1203.3331,480.90317,394.33868,1174.9873,737.81647,288.0269,1135.6488,487.36536,309.47903,1121.0586,769.29694
chinupsup43.jpg,457.47067,337.16635,-227.57732,467.98822,323.11887,-199.17896,474.91025,323.86346,-199.17963,482.02127,324.44162,-199.25206,447.86713,322.4339,-202.33203,440.50745,322.22833,-202.3666,433.14044,322.11252,-202.5842,489.7856,339.81805,-31.734531,423.37766,336.2313,-40.683773,469.72742,362.18466,-167.1104,442.82822,360.96506,-169.67162,544.6702,463.2103,71.54405,361.54913,462.2706,89.679794,603.753,603.7362,-37.38544,308.22348,611.0966,-32.26074,589.9169,492.751,-326.07584,314.02216,490.263,-346.47403,585.68756,459.9319,-391.47495,321.36,457.44794,-403.388,586.32135,441.20822,-381.14734,317.0606,433.27237,-405.86356,578.81537,452.95755,-326.94543,326.19077,447.29813,-352.15558,511.2146,737.68677,-5.8337502,407.0324,738.9607,6.339969,522.59076,963.3085,-50.83089,424.53824,965.08716,-3.501086,513.38055,1178.5801,125.94761,444.98767,1173.1661,174.35445,505.8833,1201.23,131.68716,455.9723,1198.2021,179.85638,515.5102,1256.844,-65.836044,429.4727,1245.4003,-9.73485
chinupsup44.jpg,603.39185,305.07266,-103.85525,610.36414,292.69028,-67.818825,617.0334,293.2669,-67.76117,623.8912,293.64108,-67.85109,588.98175,293.04153,-80.32143,581.2159,293.39514,-80.42136,573.4755,293.86423,-80.74736,628.20715,311.3127,112.39542,560.4618,312.01535,55.04684,615.9519,331.79346,-39.10272,588.33685,332.06384,-56.245865,687.6065,451.06332,207.57037,496.13562,446.1989,137.56763,748.21375,583.97986,79.27382,413.68478,583.56104,-23.64407,752.351,466.54083,-228.01282,442.13596,444.46472,-339.65775,758.72437,435.5221,-292.09927,452.65164,411.21848,-396.91302,757.6112,417.73642,-277.51773,454.36844,386.8889,-393.6864,748.23474,428.79697,-229.57602,459.79718,401.7005,-339.94592,674.85236,728.21875,38.195564,561.4805,737.50037,-38.07532,717.9236,980.5544,-18.024977,632.7175,997.4859,-71.998764,739.60675,1219.8287,145.35294,690.64685,1230.5522,76.15597,729.0209,1252.7574,150.5318,693.26154,1257.7347,79.64133,781.0127,1284.8632,-50.577564,733.4916,1302.6688,-136.33932
chinupsup46.jpg,613.0176,154.96255,-226.77113,611.40045,130.4357,-186.3602,616.1053,131.382,-186.20099,621.0408,132.13377,-186.58781,593.5698,127.25029,-240.98969,584.3917,125.418434,-240.96194,575.2794,123.7036,-241.4973,599.5378,149.2967,45.330727,544.2445,139.68178,-192.2484,611.4127,187.25447,-133.15689,585.4344,182.96075,-201.49211,542.88306,327.10538,285.23074,510.77228,284.2119,-349.46832,528.26355,541.6168,449.55527,561.1628,429.60986,-749.22406,541.20654,595.86804,405.85126,582.21124,256.71878,-1015.97076,543.1326,613.7363,402.95117,585.9142,205.60158,-1099.2866,558.7535,597.7375,345.92538,565.3523,193.45786,-1069.1193,557.872,589.96423,376.02664,567.8731,215.52217,-1009.76324,577.4198,757.4428,216.63972,572.86957,764.8256,-216.4966,628.4157,1122.3169,185.38226,777.23956,1079.9059,-235.62115,666.83276,1439.6107,280.9347,943.38916,1391.2836,-215.66782,647.2378,1492.0957,279.29822,936.6577,1450.7137,-218.68944,759.8006,1496.793,112.39441,1064.4915,1424.5629,-417.58786
chinupsup47.jpg,564.74426,166.40768,-268.2452,562.69946,148.95796,-225.1395,569.80585,149.63121,-224.96709,577.1767,149.99359,-225.12758,539.5667,150.41742,-265.35925,529.62335,151.63347,-265.55728,519.73047,153.04584,-266.21735,571.2838,177.09967,-20.600418,496.33142,182.38272,-195.16878,577.21326,203.24174,-189.81776,545.0721,205.664,-241.075,659.5536,364.52155,105.78203,426.2575,373.11017,-174.28218,744.0583,546.2682,5.0009294,373.8853,503.52023,-384.1649,725.9005,391.75574,-315.3562,437.0736,296.37524,-529.3316,719.5125,353.1637,-385.3196,454.65945,241.82202,-585.9516,723.7487,317.80115,-385.7914,449.61887,227.69456,-562.6442,716.76,333.5627,-328.8327,451.45554,249.0921,-523.6822,714.3001,774.4469,106.84863,590.9358,815.24396,-106.752785,873.62537,1078.2084,88.2808,780.14056,1104.691,-125.75869,997.6018,1337.2948,303.3787,949.71643,1370.0691,60.413002,996.0722,1376.2312,312.53406,957.54346,1404.8253,65.42041,1077.529,1411.3557,96.63895,1049.8501,1445.5284,-186.64815
chinupsup48.jpg,566.1509,324.04108,-171.70728,572.1667,307.92206,-137.81503,579.76483,308.06357,-137.69116,587.54663,307.99606,-137.7686,548.6106,309.5539,-151.87775,539.6113,310.298,-151.95544,530.7223,311.19165,-152.2543,592.0165,324.40445,42.262325,515.39246,329.2237,-15.865696,580.4122,351.22086,-103.16155,550.0854,353.16647,-120.79742,674.0544,448.8243,134.01901,458.5628,467.28082,59.471035,783.22546,550.994,-10.874979,383.70117,570.468,-144.36769,772.839,400.04355,-302.18732,410.3451,410.0461,-397.36197,774.93085,355.84476,-370.2221,412.3611,366.60455,-453.05997,764.2295,337.54974,-347.3872,420.42056,351.86996,-434.56747,755.0983,357.6354,-302.7477,429.68738,371.06537,-394.77448,696.61206,748.3213,6.6403036,574.11926,773.11664,-6.1172004,775.6082,987.16486,-167.88931,655.6461,1002.1154,-167.85608,807.34576,1231.2849,-13.922649,749.9023,1225.242,-20.805258,801.9213,1262.5038,-9.158185,764.434,1251.0592,-19.105062,832.6571,1318.0305,-208.51674,784.70667,1308.0133,-225.72342
chinupsup49.jpg,448.76498,355.66125,105.30017,433.18127,338.0667,43.975574,424.8378,340.07114,44.252907,416.7991,342.0564,44.12442,457.65598,333.60797,27.072311,464.71442,331.91745,27.23743,471.7176,330.55475,27.330957,401.60498,363.82547,-130.43906,477.8863,347.52423,-201.24988,437.95743,385.09348,57.99127,459.37656,378.68472,40.05205,320.09485,514.8403,-151.9687,557.1806,494.7888,-269.4656,245.6547,634.0276,135.59785,700.44946,642.06006,-152.11319,284.3812,531.69574,472.45868,710.62585,531.9983,91.501854,276.45255,498.41766,498.43698,728.2754,495.2377,102.19545,295.14114,480.20886,490.44952,693.9533,477.50168,106.912964,305.20087,495.50015,474.82513,686.00415,493.1717,98.90997,442.61865,879.22656,52.874317,563.1067,871.41064,-52.11467,481.42316,1115.9769,294.17856,579.02966,1096.6057,243.95274,519.40906,1336.3809,538.3885,574.9293,1327.4202,517.55066,523.4414,1380.0734,562.5362,564.1594,1370.6975,542.4611,526.85657,1337.5046,581.8935,620.81555,1339.7837,578.7231
chinupsup5.jpg,661.8507,293.41028,111.468254,654.3316,277.61914,54.404152,648.35156,278.40744,54.56932,642.66064,279.27097,54.626667,673.9363,274.8706,64.74201,681.22723,273.44058,64.7858,688.59534,272.31354,64.47509,640.0695,290.7943,-127.845894,703.93604,280.96863,-72.36468,655.3597,313.89166,60.168423,673.82544,309.8415,77.200714,594.4979,404.9491,-214.52405,792.98083,405.1472,-48.44491,506.73337,525.5445,-52.51085,811.0595,560.31256,121.929085,503.0611,447.2977,177.91502,741.0854,528.1739,393.3019,491.43094,424.3714,174.597,735.8957,513.3678,437.6526,507.9152,404.22855,168.59837,713.56366,502.90723,432.67548,520.00665,416.06348,179.72963,713.63257,511.19626,398.8155,628.6404,744.6995,-79.08154,734.24695,741.60724,79.58904,596.64984,925.5647,239.72035,663.9083,926.12335,390.27518,563.51483,1124.4559,509.7648,605.15967,1103.4296,704.8175,572.5569,1165.4365,533.49457,607.1771,1141.7822,735.35895,499.35474,1115.9653,534.6668,537.99976,1103.5183,758.052
chinupsup50.jpg,597.9016,510.7077,117.1861,589.8885,490.0083,49.533176,581.18854,490.35135,49.80958,572.6598,490.7475,49.78938,616.4727,489.56772,51.691708,625.70197,488.90225,51.923256,634.8352,488.6217,51.77458,563.24536,508.74814,-154.16608,649.29596,505.37888,-143.62894,585.04626,537.8817,56.592148,610.0424,535.2898,62.35863,446.24503,653.6915,-242.51439,741.58075,666.1708,-156.40884,311.25003,778.09674,-1.627493,842.81116,811.20245,88.882484,329.6632,646.0008,383.40887,776.97644,657.15063,470.7465,322.07925,598.22076,406.36185,785.1323,606.0603,499.76123,349.0595,589.2498,401.7569,739.7574,591.07074,484.65735,361.22647,611.97327,387.60004,731.00806,614.9461,468.59534,493.0758,1090.5476,-38.50576,647.00385,1096.3496,39.084934,492.972,1355.8783,220.40704,602.97156,1357.4733,322.83408,486.73087,1612.8346,427.49954,553.63403,1589.8481,542.74255,494.3112,1668.557,449.5348,547.4975,1638.8132,561.9,456.34857,1604.114,486.50806,535.8957,1590.5542,609.29443
chinupsup51.jpg,600.9211,533.04987,92.2856,607.3823,510.70746,22.707108,604.84344,511.488,22.704332,602.50525,512.339,22.826834,621.9623,509.6339,58.017048,628.5308,509.32645,58.252525,635.2177,509.3743,57.77923,609.40393,530.3311,-181.70279,656.4844,525.29474,-18.64713,596.87616,563.25275,35.408318,609.16486,560.75183,84.147255,513.5894,674.53125,-308.50632,733.6575,698.82544,76.57725,333.9271,798.3127,-182.26591,651.1799,860.1804,359.6147,332.49133,673.7318,104.440315,549.3237,718.1067,723.83624,319.489,634.25836,89.059456,539.26825,671.50195,779.6126,346.2755,613.774,91.63377,515.7328,653.1967,754.5494,360.26236,635.2578,110.42937,517.9483,674.3676,718.1157,483.40475,1111.0273,-124.71256,609.2594,1117.3333,125.99605,412.4784,1368.7954,76.88016,502.06735,1376.1328,345.35803,341.9597,1626.9934,254.29544,413.68753,1612.6313,541.3337,344.10266,1683.1771,270.2865,410.2088,1663.9385,558.3354,266.63574,1603.5684,285.2485,346.9489,1606.1062,594.6755
chinupsup52.jpg,660.6336,436.3757,139.2988,657.5718,413.23175,68.92985,652.7733,413.34576,68.99713,648.2219,413.5484,69.123436,676.33716,412.57867,88.56109,683.71857,411.98227,88.827065,691.1983,411.74973,88.52644,646.7414,426.4423,-158.36757,707.2019,423.8904,-58.239468,653.6826,462.39075,74.61164,670.19324,460.48364,105.34453,546.7814,563.12317,-275.75653,802.1344,589.7636,-26.164465,398.956,706.45764,-79.329025,786.2774,805.4489,224.56238,405.54114,610.7632,246.43219,687.5456,740.1791,609.0755,393.68008,576.235,241.75258,678.5736,712.21173,672.017,419.8019,555.49286,248.82738,649.44855,695.0671,648.33966,433.20273,573.7532,254.52818,649.8438,707.6473,606.6846,532.0893,996.1686,-87.43194,676.00165,1005.30145,88.52965,483.1186,1242.2103,225.64102,583.15814,1241.979,422.44107,440.8897,1487.4526,464.00604,489.95178,1457.8008,696.7257,447.22226,1541.2976,485.83163,479.6625,1505.7083,722.57214,380.0361,1466.8594,528.6341,449.49976,1451.493,784.461
chinupsup53.jpg,494.85266,243.30362,156.01416,475.22595,221.16743,68.60807,463.97876,222.46863,68.6255,453.0301,223.93237,68.24707,508.66675,217.55545,64.09285,519.57184,215.5731,64.538155,530.5232,213.99834,64.84236,434.6449,243.20193,-182.5244,544.64746,228.05083,-200.24086,480.4227,272.22498,84.63979,511.11185,265.9786,82.6808,317.6942,421.1985,-285.7331,673.4538,414.19742,-239.85455,171.93202,600.5849,-3.5161815,840.8002,593.4281,38.666336,260.2702,475.45374,439.86475,767.1145,432.7817,525.83777,254.82349,430.44138,488.0496,775.929,379.55325,571.3713,294.54816,417.07153,473.48517,725.97595,366.0534,587.4353,304.97592,439.7776,447.12256,719.1605,391.06818,539.8268,410.3575,915.15454,-21.482208,584.29944,916.5569,22.69489,435.71402,1208.8953,374.6614,562.649,1193.4315,406.52225,478.49307,1488.8606,730.3393,537.2665,1458.6569,757.15485,496.2762,1553.2789,768.58856,533.4987,1516.7405,790.01086,449.10812,1459.2457,852.139,535.6958,1446.0778,889.5718
chinupsup54.jpg,525.0044,298.17065,138.3784,504.5834,269.79486,83.32881,496.38477,269.9394,83.58806,488.33673,270.13098,83.264,525.0967,268.86258,54.24718,529.6613,267.89194,54.62412,534.31036,267.176,54.84445,459.68512,284.56946,-73.54264,525.6111,277.88235,-200.53548,510.328,328.595,98.118965,528.81555,326.7644,64.024155,336.46567,468.95596,-114.47111,610.8587,436.9725,-265.10733,324.75787,675.2316,163.58528,793.1472,597.06024,-85.36055,433.3189,669.0763,564.1902,797.67566,482.37292,242.59026,439.36267,662.7667,611.9877,815.8036,444.32877,255.01859,460.92026,648.3176,619.452,776.806,428.16904,250.63843,466.79694,650.53986,575.6519,765.9681,446.61523,245.85683,479.48892,925.07825,78.06036,623.47345,918.0751,-76.32498,591.87524,1195.5867,310.2638,708.3382,1189.6819,193.93689,677.33496,1445.8994,554.14966,756.2578,1466.805,426.42044,681.2721,1506.1968,576.0686,744.76276,1527.5194,444.53815,730.734,1416.0137,617.3018,837.24835,1446.7356,492.8777
chinupsup55.jpg,407.49667,446.90356,128.7277,383.64694,421.0785,134.75797,377.5097,419.66412,134.94669,371.3976,418.1437,134.73296,391.72977,424.95352,63.777454,390.02365,425.9301,63.923138,388.3988,427.01816,63.785942,334.24774,430.63,160.34671,359.20578,441.58014,-153.58673,391.96576,472.49332,152.37004,398.43057,477.00726,62.29104,247.4278,588.795,276.45294,399.4597,562.0494,-283.7916,370.5466,719.6972,503.5701,551.13354,671.19006,-152.23549,482.89548,659.9418,668.3274,576.33984,548.97406,177.64227,498.90305,632.4377,709.92944,582.97516,500.9943,169.09741,507.19424,618.7556,674.6053,557.6686,490.3677,182.09396,507.20557,630.4142,655.88464,553.56464,512.84973,192.24867,398.81934,974.87585,197.19276,486.70148,969.5802,-196.9657,535.1838,1229.825,333.5066,627.1474,1218.1522,-88.4112,635.6084,1470.5773,487.37732,727.6767,1496.843,-42.05515,626.86066,1526.1409,498.1901,717.1181,1560.8616,-38.686584,735.5288,1459.8687,467.59158,826.3259,1488.9733,-74.6169
chinupsup57.jpg,422.05466,548.7966,-9.847744,395.68463,531.47565,14.29245,392.4907,532.2123,14.409702,389.43024,532.7324,14.056809,397.46323,532.7007,-54.78592,393.4537,534.17914,-54.923386,389.52798,535.80304,-55.176655,360.37692,558.2012,108.896774,363.1848,563.6835,-189.37578,417.2777,579.9895,34.266354,414.72763,582.53204,-51.442207,366.37115,717.38043,251.78394,380.05383,713.5479,-314.02295,465.28082,768.83344,499.97583,524.4631,821.2564,-328.47528,516.13257,637.9273,592.68304,536.3727,664.825,-135.2698,519.79266,599.55756,611.3439,539.77484,613.90814,-153.57893,528.09186,583.0227,571.2427,504.69543,602.9374,-156.71272,527.4986,598.4229,570.6999,507.32074,621.92175,-132.44241,503.96652,1075.0599,170.20102,505.61118,1087.0557,-170.0135,650.4916,1327.3566,162.76154,656.2821,1339.4441,-106.49352,754.2978,1570.6144,243.81712,783.1116,1584.7142,-11.049629,748.094,1612.1267,244.28487,779.8727,1628.7731,-5.972496,838.1528,1605.8025,137.16826,873.98706,1612.4935,-113.35006
chinupsup58.jpg,494.60037,365.5346,-22.844349,469.62415,341.07538,-0.0016733457,465.6247,340.8993,0.139898,461.75418,340.53668,-0.39644474,471.56104,343.3168,-77.84194,467.24677,344.3877,-77.934105,462.99936,345.58194,-78.17406,424.71237,359.5855,107.929344,428.82922,366.5731,-232.13338,483.32776,395.88782,29.306026,482.08008,398.80273,-68.65897,390.07788,533.8359,291.75888,438.2346,513.4403,-363.9229,505.42285,669.5246,535.1976,604.9878,636.68744,-354.5795,548.90356,579.6962,642.03125,617.2272,458.09543,-172.37509,555.3753,553.8816,672.9059,625.53534,402.06305,-220.88753,559.96533,533.15796,636.51166,588.82367,390.34442,-225.29495,560.0211,540.97266,623.45056,586.99725,414.8153,-170.7428,493.2937,912.9022,215.14687,523.3079,919.0383,-214.98712,641.81036,1178.7699,278.44833,697.167,1179.3354,-149.10025,763.58484,1427.105,414.91583,837.3316,1461.7223,-72.72805,757.0279,1477.2007,422.57083,829.8588,1516.7308,-69.710594,883.1183,1443.1189,333.55515,954.7086,1482.696,-179.3068
chinupsup59.jpg,591.79236,226.09326,170.26756,574.69763,193.83722,108.679596,566.24475,193.08815,109.089386,557.89716,192.38634,108.76522,597.29364,196.14687,83.35909,603.21045,196.37404,83.533875,609.10187,196.90001,83.50183,534.2143,207.90063,-63.473248,606.4931,212.46924,-172.88586,578.3581,256.8437,124.077,598.6469,258.4417,95.04975,402.82272,386.03143,-85.92993,684.7467,391.80142,-266.0843,367.01627,563.9426,222.03093,875.8285,540.1695,-134.09445,494.0006,524.615,637.27765,888.51514,398.43048,88.546616,506.46375,501.0886,687.489,909.57965,354.3291,81.26288,533.0713,492.56332,689.87726,871.3508,333.94208,78.23194,534.9652,502.5741,644.33856,859.5915,354.18848,89.9978,500.2041,875.9052,79.66456,643.60205,886.9344,-78.33245,606.4713,1170.5964,307.23904,716.9582,1164.6909,220.04611,675.3909,1447.2186,527.5517,744.64685,1439.0565,490.13358,674.2342,1509.7869,548.38416,728.3591,1496.6475,511.62802,745.9809,1429.9604,571.0728,832.5871,1431.0061,552.789
chinupsup6.jpg,658.61316,342.51227,14.826141,649.4043,326.7488,-41.74515,641.9425,327.35938,-41.34593,634.80817,328.03345,-41.49331,671.7366,325.90396,-45.325523,679.19476,325.23035,-45.14976,686.5039,324.9114,-45.143818,628.6322,344.74158,-195.17636,698.7653,339.0308,-205.74068,650.342,364.62183,-27.032833,671.17,362.10794,-27.714224,574.6481,461.58862,-216.65912,769.8573,467.19315,-218.5455,491.13034,572.1628,78.499,872.0103,589.3611,-53.654488,499.09622,496.3415,452.22855,855.779,488.59503,221.10136,489.2334,470.41528,484.63098,868.6775,455.68192,236.55667,503.57608,457.7066,467.48026,836.2139,439.48633,245.81665,514.5601,471.35287,453.16614,830.4207,455.60977,230.14403,634.0019,787.639,-12.037474,732.41064,789.5925,12.081196,632.6523,940.3312,351.77963,702.51154,941.5964,398.63702,634.8881,1097.0146,689.71783,670.34546,1088.7617,775.51184,643.18005,1133.5973,725.3317,669.8525,1123.8657,814.8012,602.81525,1084.2311,741.18066,648.4526,1085.7081,853.3204
chinupsup7.jpg,600.3009,398.07516,-18.362791,588.6345,380.87088,-71.34723,581.3078,382.10245,-70.9723,574.1902,383.3991,-71.20948,609.483,378.08774,-80.72664,616.14606,376.75208,-80.823586,622.676,375.68304,-80.993805,566.47046,399.76276,-200.3164,633.0787,388.0889,-245.29144,593.84247,421.2484,-51.49605,613.9273,417.03064,-62.345993,496.6229,529.72534,-172.8253,704.9068,501.59735,-274.09973,403.27222,624.6992,101.96863,834.2164,574.0186,-188.69087,431.62375,515.5934,403.69153,822.3468,446.1441,-89.116936,426.31958,478.38712,431.8973,835.6047,403.57758,-120.350334,447.58746,469.35098,408.95047,800.0896,394.69498,-125.34969,456.19473,487.46927,398.37637,793.6139,415.109,-90.7054,591.4143,870.25464,38.696213,692.6373,857.7795,-38.14471,654.80945,1023.70856,365.53583,738.4385,999.3194,351.2314,730.8771,1172.2098,639.55426,773.5078,1160.827,716.6079,741.6722,1210.6208,667.9029,776.91473,1197.7944,749.5739,747.10486,1149.9154,628.26105,794.6159,1146.9689,738.7611
chinupsup8.jpg,646.67487,104.4318,-307.08017,662.7518,87.90344,-272.6331,672.29065,89.57302,-272.6915,682.0592,91.07741,-272.81293,635.6434,86.03851,-273.16888,626.0514,85.77255,-273.32886,616.4569,85.69416,-273.62888,694.92395,116.25229,-109.04697,607.26215,108.79463,-104.876465,664.5023,142.21036,-251.07622,627.98285,139.40775,-249.41972,770.75,293.58258,-37.17447,530.5376,291.48706,1.43135,864.74725,448.87103,-153.95895,450.12067,478.5161,-114.78779,869.51654,285.41074,-431.09494,413.58908,319.2271,-441.26328,868.3687,236.02272,-494.5681,403.97775,274.45868,-498.0819,868.8212,209.59167,-493.62927,400.87885,241.91992,-507.82556,860.5897,229.12137,-439.81918,417.50287,262.03067,-453.01312,716.52234,655.4726,-20.725426,579.3246,653.8097,21.377872,718.5024,920.4308,-202.73691,562.92456,936.57166,-18.187042,689.46747,1198.2166,5.8771696,572.0898,1196.5309,152.58913,682.7047,1227.966,13.835611,585.33405,1230.7546,155.36671,664.54095,1302.7091,-186.05814,536.2624,1286.3728,-38.108986
