DIPS _ Chest & Triceps _ How-To Exercise Tutorial 0-37 screenshot.jpg,577.88965,217.01038,-6.828651,587.53723,214.19704,10.542354,587.66113,214.11964,10.491054,587.879,214.05045,10.45494,586.77686,211.16187,-18.579395,586.73267,208.45222,-18.65939,586.589,205.74557,-18.903847,585.092,205.40817,82.098206,583.5228,193.85995,-48.694485,568.50555,214.99039,21.138329,568.41473,210.28467,-16.19637,542.66565,197.04788,157.22388,540.7432,177.88376,-108.07038,488.3005,202.96194,340.00882,465.99518,153.66191,-249.04321,490.11615,229.88464,469.61703,472.90427,220.17944,-298.09613,487.66763,243.19803,482.42157,465.1115,238.0284,-307.8149,487.80054,237.26355,470.91974,479.17743,241.64769,-300.3629,487.93735,233.1414,466.69556,479.0438,236.49548,-291.81702,444.2866,296.68246,102.01711,431.15506,290.76675,-101.73032,505.46106,385.06543,105.886566,502.28622,390.07538,-119.45686,417.01624,425.83917,191.37772,406.26904,418.55554,-2.338866,396.04315,422.29047,197.98294,387.45932,410.2045,15.196563,400.62704,466.78003,186.92888,380.48975,454.68823,39.27835
DIPS _ Chest & Triceps _ How-To Exercise Tutorial 0-38 screenshot.jpg,563.8293,212.84128,4.5117803,574.0304,206.7439,17.218235,574.4452,205.97017,17.138544,574.9704,205.16905,17.164087,571.8621,204.26144,-10.654932,571.17426,201.30612,-10.731501,570.3975,198.4074,-10.880077,574.10425,191.24461,76.10447,566.3089,181.1684,-48.864613,555.72644,208.59132,27.506653,554.3092,204.45499,-8.211976,540.26294,196.02393,157.9132,511.99606,153.80347,-115.04323,527.2008,229.89114,333.37485,443.94916,162.35487,-255.29443,571.90063,242.46107,437.83203,469.74185,233.03043,-297.58914,587.2794,243.96135,457.5481,467.00253,251.40459,-301.27332,590.01556,241.97679,444.5677,480.12717,250.72821,-294.84573,583.9531,240.99527,432.83865,481.00793,246.32744,-290.59283,459.73047,304.00507,100.68427,436.2444,287.29504,-100.3017,498.85806,410.01004,81.162865,488.38947,405.29825,-123.19363,423.34113,430.47482,208.95915,398.342,426.53967,10.268018,406.62195,422.88873,221.9005,380.53198,415.62796,28.557798,409.1133,465.62714,232.42723,376.67126,468.2729,46.634083
DIPS _ Chest & Triceps _ How-To Exercise Tutorial 0-40 screenshot.jpg,546.15155,212.60854,17.730827,557.6163,209.55246,32.967026,558.0253,209.25883,32.918285,558.53174,208.93446,32.853855,556.06415,206.1145,5.964135,555.8043,202.89665,5.838583,555.455,199.72453,5.616603,558.3777,197.33276,100.1451,554.5949,184.37518,-24.711073,537.7107,208.583,44.612865,537.12177,203.18561,8.74096,522.298,194.43396,175.22758,511.38507,155.82143,-88.25787,464.44876,211.66794,350.83563,439.47394,126.15079,-210.27573,462.20786,234.08716,473.57166,448.82703,211.96844,-250.10847,459.5626,247.68481,489.12762,439.5819,234.42067,-261.47632,458.9879,242.62688,475.6737,454.12744,241.25879,-247.51306,460.02026,237.62299,469.81598,454.71152,234.86664,-241.54813,434.92255,303.90588,103.01376,415.77863,289.49496,-102.59716,482.55484,402.41882,93.0805,474.1662,402.54755,-120.739944,404.57825,440.58792,171.98378,390.29556,435.0969,-11.746025,385.35382,434.72046,176.91391,371.91177,425.4665,2.8801656,387.9839,481.45328,150.22006,368.46518,474.27292,8.0185795
DIPS _ Chest & Triceps _ How-To Exercise Tutorial 0-42 screenshot.jpg,559.0109,212.56854,-31.567303,567.6781,208.89146,-11.947661,567.5355,209.12865,-11.959757,567.5111,209.39543,-12.006136,568.16406,205.19437,-41.65063,568.6894,202.27686,-41.714424,569.10223,199.3432,-41.917763,563.94617,201.33345,78.010185,565.9212,187.95306,-52.82341,549.5379,211.07278,2.9793603,550.379,205.0362,-34.399433,522.4454,202.352,174.37447,520.5647,171.78,-123.41043,456.28275,199.34782,313.38254,449.89877,131.18144,-280.5412,443.80048,231.93904,379.65463,441.1989,216.04082,-336.4956,437.87442,246.33336,380.41238,429.94095,238.58379,-351.6059,438.4737,242.01485,365.60782,442.94302,243.40799,-341.35663,439.85187,236.36018,371.98727,444.30615,235.6088,-329.72827,406.14157,283.45178,110.21265,389.17844,272.6135,-110.01617,462.3152,397.98123,84.63052,459.92325,395.78552,-138.65945,377.88138,423.26535,162.77681,376.07474,437.79553,8.194033,361.42606,414.2596,168.76268,358.20636,430.5289,29.324379,352.3094,461.091,150.40845,355.96732,478.90567,48.89592
Hannibal For King Workout Routine pt1 2-41 screenshot.jpg,418.22696,254.57144,-406.49377,422.66684,241.19627,-417.89993,427.1468,239.41472,-417.7843,431.65436,237.54373,-417.74442,410.55243,243.50226,-409.29422,406.1261,243.40485,-409.16306,401.7948,243.50807,-409.15643,441.14072,228.26823,-376.1374,399.85266,236.80524,-338.68994,429.86774,255.92226,-383.44962,416.04883,258.3111,-372.5155,472.76694,229.64896,-288.73105,395.92242,238.97058,-204.88846,535.5135,202.52257,-198.21176,356.54272,244.65019,-86.9153,542.6347,247.7775,-103.744194,362.3652,260.27856,-13.365407,551.87537,255.83247,-93.51851,356.29935,263.92224,-0.31904623,538.16534,258.05792,-94.810394,360.32065,265.18298,-0.60925174,536.16064,254.44365,-99.7426,363.9814,265.26318,-11.692034,488.79288,307.52603,-37.877647,447.69727,308.84076,38.14483,491.81354,345.54233,-151.03162,438.53366,362.75427,32.21339,489.43048,366.98743,-69.07282,479.98218,329.06577,181.1864,488.96878,363.36835,-57.719547,489.4974,316.00186,198.10724,481.66208,391.0872,-79.594955,486.5375,341.64822,207.8802
Hannibal For King Workout Routine pt1 2-42 screenshot.jpg,526.6157,244.90598,-487.32397,528.63,232.82072,-482.3744,532.5421,231.96848,-482.2478,536.2784,231.01172,-482.56903,516.71234,235.43456,-493.04297,511.5919,235.48422,-493.445,506.64374,236.11575,-493.1233,530.9551,230.25389,-384.0417,493.13983,235.3654,-433.7932,528.79535,251.3292,-448.16595,514.9658,252.03357,-461.08118,542.57074,237.6817,-265.05258,456.27313,268.05637,-255.68503,578.8073,218.51245,-100.377625,407.91504,256.09586,-123.976555,585.4983,254.40977,28.597233,409.866,258.1548,31.941252,591.6505,264.08963,81.01072,403.70636,259.62225,63.707016,587.383,270.79782,80.75395,404.42096,260.78677,67.62459,582.8485,270.2342,42.336746,409.04794,260.74884,32.23214,526.9599,312.1146,13.032896,483.81024,330.319,-13.678096,535.3097,274.8349,118.198715,459.6538,304.60278,59.736286,504.69907,272.07162,213.26173,447.11218,282.0972,125.47289,498.0244,267.76395,235.47537,442.27686,278.50146,142.52354,488.99823,272.6727,278.99356,449.25305,277.29984,179.31699
Hannibal For King Workout Routine pt1 3-11 screenshot (1).jpg,466.69055,216.08444,-214.86406,463.52185,205.41676,-201.9992,465.43286,203.79507,-201.9337,467.43512,202.1428,-202.00475,455.68195,209.26009,-215.60583,451.89615,210.47429,-215.58415,448.18695,211.78967,-215.63237,461.97223,201.42278,-124.040436,436.8098,214.29831,-185.937,469.21442,219.92831,-183.48207,459.3137,224.91989,-200.93282,471.00516,233.9502,-51.77594,414.66058,242.71425,-149.11057,486.30005,247.76184,34.043896,351.9491,246.55913,-137.66118,505.77206,284.04147,69.84468,353.60013,295.29877,-115.318306,511.38873,290.994,86.628265,348.96014,307.86026,-121.81786,514.5878,293.70578,67.702736,361.58047,312.36304,-116.65098,510.80072,293.93256,64.59946,364.59763,308.91788,-111.87282,441.03754,338.55206,27.33495,416.16733,340.99796,-27.22211,435.94012,313.31653,148.2861,415.21835,310.08734,41.145847,448.78915,287.3784,309.7723,412.22763,288.26947,226.69522,450.5517,281.30023,327.70602,411.6103,283.25638,246.77493,453.04016,282.739,346.1178,411.10712,282.02777,267.9511
Hannibal For King Workout Routine pt1 3-13 screenshot.jpg,472.95007,225.67874,-265.23434,468.3784,216.53278,-253.80678,470.13568,215.00903,-253.70305,472.021,213.43326,-253.6928,461.1689,220.35999,-268.9204,457.39264,221.62769,-268.834,453.6757,222.97273,-268.90384,465.24127,213.78777,-165.9393,441.0494,226.64615,-232.04762,474.89542,229.72922,-229.43091,465.38577,234.76195,-248.26517,470.66904,244.3917,-75.87308,422.10977,255.03554,-179.17836,480.1046,253.40793,14.071843,364.1817,266.74854,-130.62556,491.6708,282.8635,48.729588,357.33173,312.14078,-63.906063,494.66095,290.7072,71.3272,349.39816,325.13702,-61.556583,495.71774,294.63684,52.375515,363.0321,331.2284,-57.086647,493.70145,294.31494,44.49025,366.07852,327.17084,-58.02315,447.59662,342.8565,21.018274,423.2053,346.2518,-20.906843,446.56656,313.73557,8.734224,428.2598,308.6164,-141.49855,467.00162,290.07382,77.11,445.188,290.1844,4.8685813,470.61172,284.23398,85.59961,445.75522,287.59885,21.13882,468.89005,287.72583,92.5325,454.49155,281.9444,23.342014
Hannibal For King Workout Routine pt1 3-14 screenshot.jpg,503.3504,166.02516,-248.19083,498.55914,156.38892,-232.34862,499.9968,155.60011,-232.29689,501.5282,154.78363,-232.41672,490.9318,158.59903,-249.29564,486.94385,159.34244,-249.22466,483.02997,160.22987,-249.27434,491.97174,155.49265,-135.91663,468.51794,163.12938,-213.27254,503.44623,172.80162,-210.2684,494.23413,175.52632,-232.09601,510.04578,195.92136,-43.22428,430.41824,199.97108,-156.5811,525.74286,207.39249,102.37457,366.7741,196.55055,-90.32006,551.58105,248.32518,183.61737,367.372,249.29163,-44.662903,559.96075,256.49707,219.94893,359.91785,262.44717,-40.194473,561.34204,260.84677,197.6479,374.63147,268.0204,-33.333866,555.8896,261.1404,179.24966,379.57962,264.42477,-37.99322,483.7271,318.93295,39.582386,441.29752,321.79214,-39.459755,515.3295,292.1314,237.88954,453.25876,280.19684,-42.40855,509.38416,260.75433,338.00403,488.46024,275.44934,34.654278,508.0982,258.9718,348.44955,492.0714,274.00116,43.619576,513.61536,249.13359,344.75226,504.2014,272.45142,21.061607
Hannibal For King Workout Routine pt1 3-15 screenshot.jpg,542.51746,190.8028,-306.1757,538.8678,179.07034,-291.0767,540.7942,177.42863,-290.98853,542.8821,175.74939,-291.00665,530.42865,182.5157,-308.29,526.18896,183.45555,-308.23834,521.99493,184.46698,-308.25787,536.1531,174.42662,-191.28868,508.05255,185.85626,-270.6872,544.2301,194.83246,-267.34863,533.21,199.2473,-289.77252,545.67554,215.76794,-94.87262,474.5252,207.19995,-219.95088,552.58905,242.28484,-17.458084,404.73483,212.3742,-186.3538,564.98145,272.7418,-10.16463,395.45374,259.5908,-135.45612,568.31805,279.81738,12.736098,387.6554,273.42975,-137.2939,572.54456,282.52396,-12.325719,401.18826,277.95966,-132.26038,569.338,281.3761,-17.39801,405.29645,274.537,-130.06013,500.53036,305.0933,34.598522,464.01627,303.54562,-34.567806,528.72614,302.49765,-7.7148495,487.29807,299.73157,-175.31328,546.2973,268.54294,96.37899,491.39505,265.247,14.661484,548.5096,261.02002,110.34282,489.68518,257.91626,36.74276,549.624,266.83728,122.63322,496.6037,260.21863,48.624832
Hannibal For King Workout Routine pt1 3-9 screenshot.jpg,492.13538,247.51236,-262.60107,492.74826,238.4039,-249.3931,494.85452,238.45439,-249.21501,497.04126,238.45792,-249.25636,484.10324,237.36911,-261.63876,480.15662,236.58965,-261.6671,476.26428,235.97069,-261.6907,490.12473,238.22043,-159.37317,462.80615,235.4132,-218.34929,490.61752,255.14566,-227.74738,480.29688,253.97902,-244.61076,494.7815,273.25116,-66.18377,425.27512,272.9523,-158.20918,512.76117,287.7874,62.078724,362.3285,261.86993,-84.20519,544.8681,316.53558,135.2688,372.534,311.43704,18.346745,556.80585,324.16785,168.74715,369.5122,326.67465,41.34383,558.4394,328.13565,147.53763,384.2399,331.67136,50.788265,551.6441,328.81204,131.25937,385.02377,328.04053,27.423939,473.46222,381.836,39.583023,433.21863,386.60577,-39.582428,502.49838,378.4613,163.45135,477.64124,383.98334,-79.41047,486.98715,340.30273,272.6572,471.35733,344.51123,129.74481,485.7004,330.01425,284.12515,471.1181,332.46182,154.16,483.86786,332.7939,310.8264,471.69507,332.85782,179.50427
How To Do Dips - Chest & Triceps Exercise 2-22 screenshot.jpg,443.51956,167.28418,-171.14949,453.13654,159.89491,-173.66376,454.06854,159.23376,-173.81485,455.1023,158.52324,-173.84848,449.08517,159.06715,-196.39032,446.90253,156.9547,-196.26282,444.72623,155.01056,-196.18144,449.99106,149.08911,-146.34706,434.01974,142.87062,-252.74387,433.78244,166.79517,-154.67416,429.20767,163.71587,-184.85681,407.92957,154.28615,-74.5874,367.86002,149.9768,-264.34296,356.80075,167.8494,111.82428,297.7273,163.65968,-244.44269,346.39487,202.01929,277.70538,334.08572,222.7044,-140.87845,343.82672,211.35478,314.07834,333.4053,243.4847,-123.9062,351.78903,216.60735,301.73242,345.69626,244.62221,-125.972015,351.86865,212.62834,277.94977,343.8857,235.79063,-135.13762,359.83658,311.3306,86.747955,337.35095,312.32196,-86.46469,348.04486,435.0246,95.235565,341.792,447.68527,-109.051476,270.2044,447.8994,293.3874,256.9792,459.57413,61.046356,253.43375,440.04468,316.85077,240.33072,448.29993,82.790535,253.4661,487.29602,355.2035,240.00879,507.2928,111.60676
How To Do Dips - Chest & Triceps Exercise 2-25 screenshot.jpg,462.1005,140.39655,-64.78021,466.34946,130.07341,-55.52817,465.04688,130.55583,-55.471573,463.80914,130.98842,-55.506805,466.71402,126.176346,-93.753746,465.47864,123.15482,-93.805046,464.171,120.26007,-93.91157,449.98843,125.44224,13.955603,449.0614,110.24921,-155.64793,446.4338,145.86662,-33.66595,446.8118,139.59444,-82.61717,401.15546,148.6766,108.26119,380.8625,131.84386,-207.51143,341.85233,175.94637,188.0549,297.74887,159.81683,-272.3271,346.91,223.0239,174.4051,326.43607,228.32794,-245.79608,348.7072,236.0549,157.17137,327.2433,246.80345,-261.74243,350.74002,234.77704,136.05298,338.91983,244.90843,-261.32648,349.74786,229.92697,160.55743,336.07568,238.28755,-242.24716,354.4061,328.62256,117.95318,333.9207,328.09152,-117.38488,351.96045,443.96475,121.68087,336.66586,457.64075,-139.4244,260.92413,488.92764,254.3862,242.31924,492.23224,55.791576,238.68463,488.16913,265.8119,221.70218,487.70245,78.54629,260.08966,536.10956,260.6868,231.03363,542.4662,80.88363
How To Do Dips - Chest & Triceps Exercise 2-28 screenshot.jpg,482.04877,127.52475,-37.169342,484.01666,116.99657,-21.03384,483.4113,117.52567,-20.984417,482.94293,118.06232,-21.011919,483.3171,113.1958,-56.011757,481.83517,110.42806,-56.021503,480.2735,107.71058,-56.169178,468.9235,113.07652,68.385735,465.02652,99.96524,-86.309525,469.58813,133.08595,-0.3295627,467.45615,127.28285,-45.207405,423.51263,149.11685,162.88914,405.35117,121.75717,-137.47095,359.1826,187.48413,269.38824,312.5034,123.895424,-245.40231,360.14026,227.79681,258.2812,338.38904,216.89964,-236.4726,359.78348,239.63126,255.6289,337.82526,241.728,-241.19763,366.6449,239.11038,234.20833,350.6756,244.03894,-229.69263,365.48447,234.1329,245.41121,348.40622,235.5983,-227.40735,363.28168,301.8485,107.47631,342.5682,298.3024,-106.99462,349.3443,431.5427,74.00132,353.66296,439.6526,-151.58191,265.47415,490.20447,174.51837,267.3977,476.91852,-5.993969,245.50273,490.31592,182.76666,248.15398,466.9209,11.882524,265.33246,542.18616,178.35284,255.28506,534.6137,15.854498
How To Do Dips For A Bigger Chest and Shoulders (Fix Mistakes!) 0-14 screenshot.jpg,431.921,169.2946,277.37158,429.1229,164.3003,268.5961,429.1009,163.56935,268.66324,429.19308,162.72163,268.65857,430.87872,165.42632,281.4227,431.71457,165.52347,281.39545,432.54977,165.64876,281.47055,432.5753,161.52156,220.57268,437.08716,164.89723,282.26483,435.82755,170.48877,258.83127,436.35803,172.34846,276.65918,438.75708,169.2266,111.99603,466.44324,181.40756,265.98914,440.58563,178.94087,-14.150391,511.99942,196.4259,237.67035,422.77234,209.49783,-91.8054,516.68176,215.32254,202.6366,420.88147,218.34462,-106.28491,519.4482,220.24747,204.03935,420.3509,215.56635,-97.55019,512.66705,220.3754,194.64883,425.47302,213.35603,-88.469864,511.08322,217.87514,199.1043,467.43332,263.2033,-64.38573,478.47916,268.69308,64.312225,461.20975,342.40207,-173.3407,468.63507,342.41153,22.253159,539.1982,357.38818,-271.0467,528.3572,372.75616,-98.238655,551.49506,350.41193,-277.73425,536.71436,372.05923,-110.63276,557.8452,391.74164,-272.33078,545.12646,398.96674,-113.08307
How To Do Dips For A Bigger Chest and Shoulders (Fix Mistakes!) 0-19 screenshot.jpg,433.91367,157.52267,264.54007,431.6687,153.19682,257.09732,431.38998,152.76477,257.24026,431.19208,152.22676,257.25162,434.00085,154.07991,265.56006,434.94162,154.24396,265.58838,435.90985,154.43135,265.8095,434.161,155.15498,224.32423,440.4704,157.70863,264.52277,437.22745,161.62773,252.22842,438.1905,163.09317,263.3821,436.90128,174.77364,123.316505,470.89224,180.94815,259.0252,441.7472,182.01974,19.950293,517.28815,182.85649,180.0476,424.5869,199.4693,-17.166946,531.2244,208.54842,88.53824,421.0924,202.29161,-31.952946,533.02594,216.78932,76.85268,421.16718,201.76933,-23.136684,531.73285,217.44743,71.82727,426.72232,201.81003,-14.577638,529.9204,214.615,84.531944,479.79388,279.0494,-65.6239,492.27267,280.2637,65.595795,440.98584,362.06366,-161.15787,482.21674,358.9979,4.2311397,549.4466,384.21927,-268.19778,563.0961,392.87247,-151.99976,569.56165,376.39615,-274.66733,575.6266,392.02618,-167.62668,566.1662,425.09494,-262.24417,586.71405,421.6188,-173.50908
How To Do Dips For A Bigger Chest and Shoulders (Fix Mistakes!) 1-16 screenshot.jpg,404.5223,155.96854,257.4902,401.64542,147.4489,244.98608,401.80624,146.28166,245.04756,402.05804,144.99226,245.03346,404.2723,148.57584,263.1113,405.7271,148.34401,263.10837,407.2632,148.15416,263.33847,409.3035,142.65855,190.97949,416.69043,146.15654,275.8748,411.74966,158.0405,238.29137,413.10312,160.28209,262.63315,417.09177,164.59422,104.07349,469.4651,168.3497,248.59209,417.68408,187.71857,4.8429546,542.76117,194.38754,167.87839,390.0637,208.16986,-29.801695,551.9025,220.33667,83.458015,384.98367,210.53671,-47.26999,553.03503,226.62401,71.499886,382.8181,209.74754,-35.394997,549.6527,224.90436,67.50829,389.35376,211.39859,-26.867077,549.3086,223.86751,79.64693,470.40817,305.00858,-66.23424,489.46936,304.48987,66.18615,444.2747,397.1064,-169.14165,460.32233,400.16394,-1.6264564,572.4486,432.38303,-273.0623,571.90704,440.00058,-159.1832,592.1141,427.40863,-278.97562,588.7462,440.80664,-172.66782,600.9392,474.67328,-264.65918,601.761,466.95898,-175.16283
How To Do Dips For A Bigger Chest and Shoulders (Fix Mistakes!) 1-20 screenshot.jpg,406.77762,159.83421,253.02834,403.91364,152.8947,249.89842,404.33365,151.56107,249.87793,404.8092,150.10005,249.86526,404.85703,155.44193,263.27155,405.32114,155.9982,263.36493,405.83566,156.54254,263.6032,409.82,150.03125,225.05293,411.3457,158.00484,289.30783,413.29147,161.98083,242.76474,412.2492,165.7054,261.26575,416.75815,166.623,131.00185,447.35352,179.33235,256.90997,435.2901,179.95279,14.581396,505.20526,194.11612,161.64491,418.731,202.1118,-13.550934,522.69037,217.22862,56.965595,415.0653,204.14603,-20.36917,524.9246,225.33751,42.656395,414.18307,201.69177,-12.9436865,524.53955,222.39111,41.71448,420.4163,203.19202,-9.956943,524.0611,219.69759,53.828724,458.06003,289.4115,-57.344677,467.96454,294.51376,56.98073,435.7322,369.44836,-154.09656,451.58157,391.7886,-12.213344,552.987,393.43695,-255.33813,547.2962,412.29236,-121.189476,570.1146,387.66806,-261.85413,560.57623,409.47263,-131.34068,583.5318,434.5797,-251.96803,579.67737,438.88388,-127.23202
How To Do Dips For A Bigger Chest and Shoulders (Fix Mistakes!) 1-27 screenshot.jpg,330.70236,206.8404,-199.77208,327.76837,198.9421,-218.66277,329.428,197.33122,-218.74113,331.18704,195.653,-218.80052,324.84988,198.91544,-190.80347,324.20013,198.07771,-190.77611,323.65408,197.3651,-190.66931,340.95236,185.29367,-259.07532,331.59494,187.2032,-134.03053,342.46255,205.12004,-209.65459,339.54446,206.19301,-173.54198,399.10535,189.75252,-254.73067,364.3913,190.77327,-46.113308,478.59958,188.42854,-196.59843,415.71353,193.15233,49.605007,489.4371,240.8366,-80.39299,440.5917,233.77249,121.511024,496.36267,252.09229,-77.52911,446.8633,244.06812,141.70415,481.8364,252.81314,-69.51948,443.67917,249.39268,124.49315,481.19467,246.48795,-69.37809,442.14417,246.55328,116.11279,477.2498,294.1746,-72.18138,445.0083,290.58786,72.73979,474.70148,402.0581,-48.313602,415.113,379.3741,161.91371,513.9485,363.97888,210.75377,427.75122,386.89368,361.08627,516.20966,350.2939,241.92021,434.35162,382.83194,384.2257,529.72205,376.70157,283.60553,420.3506,407.33047,414.05344
How To Do Dips For A Bigger Chest and Shoulders (Fix Mistakes!) 1-36 screenshot.jpg,432.4859,167.62373,185.40904,429.58957,163.07796,175.66924,429.16086,162.54727,175.78575,428.81824,161.93716,175.76385,432.17398,163.5078,183.14789,433.3241,163.33743,183.12032,434.5077,163.21182,183.16243,431.9719,161.66016,134.00906,439.65234,163.3636,170.3822,436.03345,169.63727,171.00282,437.66782,170.76918,181.26471,432.38562,177.75269,71.766716,480.5399,177.36446,164.71007,433.39645,185.54892,43.200443,531.31287,189.92151,158.21477,421.85355,204.09116,74.18501,530.90845,214.17542,163.35266,418.47086,207.95242,77.22595,531.3238,220.80426,168.38155,420.27307,207.36938,84.021835,527.1552,222.24963,163.77708,425.68512,206.63184,78.93878,525.7016,220.55159,162.42847,469.34656,270.79694,-41.560226,493.36484,267.8314,41.73813,452.81436,346.46725,-79.24286,490.52127,335.29828,7.8462763,527.86945,360.10727,-185.58464,542.8954,362.41357,-157.32701,539.6003,352.84637,-195.17816,550.389,360.7842,-173.67494,542.51843,388.2961,-186.2506,555.0879,384.53174,-181.00055
How To Do Dips For A Bigger Chest and Shoulders (Fix Mistakes!) 1-38 screenshot.jpg,439.6636,158.70934,254.46599,436.37653,154.15735,242.41447,435.52972,153.79419,242.51251,434.80002,153.3348,242.48775,440.38223,154.20857,250.99348,442.01242,153.89142,251.02145,443.66782,153.60716,251.21089,437.17798,153.69403,191.77432,449.1016,153.81421,231.94673,442.00073,161.37675,236.16255,445.0497,161.97755,247.72084,436.47253,172.52773,124.58167,485.0013,172.03494,216.50449,429.13715,183.19905,124.40839,538.1748,184.22903,196.44989,424.77332,197.91838,200.14801,538.611,206.64076,196.9215,422.45654,199.72037,208.44215,538.5997,212.3329,203.14966,425.39542,200.40599,214.79286,533.3956,213.99896,201.13492,430.29358,200.39137,204.97438,532.10443,212.60327,197.43863,475.25067,276.85117,-41.16644,496.56818,274.51306,41.166626,458.44504,358.32062,-100.10968,484.7129,354.6209,-10.059322,544.72327,361.83862,-233.65517,545.6099,371.65073,-229.59276,557.0903,352.00763,-245.05031,551.93164,367.9774,-252.32018,566.8079,394.18753,-225.60107,569.7209,395.73962,-253.64857
How To Do Dips For A Bigger Chest and Shoulders (Fix Mistakes!) 1-41 screenshot.jpg,421.21597,139.51064,272.3361,418.05298,133.5532,263.7461,417.49985,132.7425,263.83762,417.03857,131.79747,263.864,421.2267,134.9583,272.37338,422.37924,135.12411,272.4071,423.54834,135.32454,272.61047,418.93924,132.03165,221.9993,428.0792,136.1917,263.04962,423.79233,141.7946,257.50275,425.7986,143.89157,269.31125,414.22336,148.69046,131.78581,457.21906,157.59804,227.52925,410.0429,170.07857,40.572205,512.5245,177.68546,124.48665,398.50388,189.314,-0.7110602,525.2178,198.49881,28.139639,396.73376,190.20972,-10.146006,526.63525,203.2848,14.09965,396.8399,190.06763,-1.3485563,522.71704,202.31747,14.292804,401.54398,191.19075,1.5934482,522.14276,200.64896,26.328794,456.35468,254.36691,-59.500675,472.92963,260.9475,59.343517,440.17557,322.49426,-173.9343,459.9391,346.37128,2.3276172,536.9769,350.15945,-304.8124,546.24677,364.00168,-162.07158,551.862,346.8116,-313.65604,557.3068,362.20178,-176.92052,560.30273,384.14914,-313.55817,576.6289,384.75742,-175.91191
How To Do Dips For A Bigger Chest and Shoulders (Fix Mistakes!) 1-58 screenshot.jpg,405.1471,207.09811,-56.802174,401.5451,198.25151,-67.56354,402.31213,196.45183,-67.64291,403.02408,194.5916,-67.701324,400.26883,199.4881,-44.737,400.0502,199.21817,-44.846195,399.88318,198.94135,-44.844944,411.22092,185.92194,-91.65534,406.93826,191.45836,11.41496,415.8596,204.47046,-63.995377,414.0453,207.36786,-34.406963,455.35873,190.65604,-138.81691,456.44275,188.32948,102.98855,523.9051,184.95282,-157.97578,512.8705,195.93127,160.41174,533.15533,241.80196,-104.44165,527.58246,242.83951,155.53598,538.36395,254.12698,-115.0225,533.39355,253.63524,166.77052,527.1872,257.5161,-102.92403,529.5786,256.12857,143.98238,526.4033,251.61536,-96.07671,528.08344,252.26215,146.0543,574.39886,203.36848,-77.147026,566.4812,201.59163,77.38886,570.73553,301.5788,-73.06841,568.6235,273.35608,92.07828,611.6265,357.35046,-14.593247,607.96643,331.17035,141.84213,626.1777,358.9234,-7.24149,621.75726,336.7118,144.23299,595.3423,388.75153,-15.329413,597.91455,355.79727,134.39404
How To Do Dips For A Bigger Chest and Shoulders (Fix Mistakes!) 2-30 screenshot.jpg,427.55875,166.86551,192.07715,425.72397,161.51802,184.75703,426.23456,160.5372,184.80872,426.81973,159.43338,184.77979,425.99625,162.97353,200.25078,426.4082,163.13016,200.23007,426.8486,163.29257,200.28111,431.33588,157.81705,149.95929,431.21603,162.48193,220.66614,432.92355,168.3452,178.8453,432.00443,170.62369,199.12065,440.05258,167.69746,51.347828,463.08368,178.23634,231.22426,459.5589,183.9176,-70.34294,503.2787,185.86255,197.4422,452.32068,219.53482,-150.38237,502.45767,211.67581,108.58797,453.25177,228.6471,-171.30348,503.167,219.01497,92.892456,450.41727,224.29207,-168.0195,498.6962,218.5778,77.5081,454.88315,221.5185,-149.25087,497.8682,215.81952,99.33257,470.65317,260.5441,-71.06173,480.11676,267.22012,71.12928,458.4822,342.0866,-140.54962,471.04166,342.62967,12.639918,538.22046,351.49677,-204.80476,538.757,360.4231,-32.260777,551.9042,343.44876,-209.2147,549.2664,357.16595,-37.186676,554.66565,384.03043,-209.27501,555.2444,384.84088,-40.689926
How To Do Dips For A Bigger Chest and Shoulders (Fix Mistakes!) 2-32 screenshot.jpg,436.06622,155.59245,215.80669,433.42322,151.87558,205.06726,433.09164,151.61012,205.19498,432.87204,151.2551,205.2328,435.97186,152.27547,212.59282,437.04453,152.30652,212.61186,438.14777,152.40623,212.68604,435.0819,154.13751,157.51448,442.38605,155.49927,193.86522,438.88998,159.67609,198.81262,439.90726,160.65274,209.076,432.87814,172.13615,72.33866,483.11526,174.972,188.68272,431.91443,175.56918,5.6949797,539.72266,175.60303,204.3406,418.42776,195.47813,-20.50655,534.1334,184.78568,271.9929,416.36737,200.04468,-29.177898,533.4777,186.85773,288.04074,416.62097,199.76004,-20.12442,526.24036,188.7793,281.95413,421.54913,200.13121,-17.291283,524.9189,188.66814,272.1263,469.48984,266.25507,-57.36497,494.7731,268.66782,57.35563,442.17078,349.07516,-123.605316,508.08487,345.31567,-3.5212803,525.92847,389.8959,-254.38237,573.5613,394.8512,-161.87125,544.5596,389.32275,-263.80756,585.13666,400.04208,-176.53912,529.8311,425.63608,-247.5365,583.86334,417.6346,-182.5628
How To Do Dips For A Bigger Chest and Shoulders (Fix Mistakes!) 2-35 screenshot.jpg,403.88412,136.47897,266.55713,402.13876,130.08664,261.06387,402.50116,128.70262,261.0312,402.929,127.1588,261.00943,403.5021,132.86124,278.5628,404.2344,133.63525,278.65732,405.0028,134.4009,278.8972,408.66544,127.894806,229.8123,411.43762,136.91515,310.66748,410.15155,139.13275,253.39032,409.48215,143.29178,276.7076,417.93716,144.58292,119.193924,444.3096,165.58998,307.2299,443.0604,151.53203,-22.858095,504.53104,170.6177,271.15118,434.77667,183.74393,-110.82535,511.4652,196.69923,209.67636,433.5421,190.40814,-131.84697,514.234,204.94241,199.70985,430.8471,188.26184,-123.800766,509.04672,203.88069,191.43726,436.90875,187.71025,-107.53475,508.63242,199.44495,204.78543,464.68253,260.59335,-73.78647,474.4613,270.57382,73.73505,423.05215,343.61963,-170.27214,452.72946,362.70972,-6.1682696,546.1416,364.29355,-290.8339,552.03,378.00882,-116.8094,565.5364,355.48398,-300.13303,564.981,371.97617,-127.93619,574.7718,408.1228,-299.66522,588.0364,407.11887,-131.9467
How To Do Dips For A Bigger Chest and Shoulders (Fix Mistakes!) 2-39 screenshot.jpg,333.76825,202.99384,-121.007904,329.50623,194.35947,-144.08968,330.50763,192.26091,-144.01724,331.59323,190.03683,-143.99379,328.77823,195.67114,-110.44117,328.8896,195.12935,-110.456406,329.11658,194.68237,-110.49491,340.74655,178.0721,-195.56055,337.72946,183.83122,-43.04666,345.24234,199.08105,-134.95834,344.26437,201.64226,-90.525055,400.82846,175.71655,-211.69011,377.82266,191.02042,47.146893,482.42,167.95967,-189.431,444.19254,198.08109,128.00874,492.8673,238.17226,-114.0475,468.35144,245.35724,105.086685,499.54248,254.72374,-125.88163,474.5951,258.04816,103.3557,486.071,253.03362,-123.90051,469.52155,260.4368,79.36571,486.60428,244.64041,-107.38824,467.53183,255.22505,92.99012,472.52637,301.62936,-90.64778,452.03464,305.30713,91.259796,502.60056,415.49152,-63.005104,471.10806,404.8827,14.133785,548.0314,428.80685,125.288155,545.17163,423.18945,182.57205,555.7361,422.69098,144.38536,556.29236,418.79886,199.85939,560.5195,460.40204,129.2197,560.6559,454.4446,187.5284
How To Do Dips For A Bigger Chest and Shoulders (Fix Mistakes!) 2-4 screenshot.jpg,407.73764,190.38098,81.1679,403.13263,183.20668,67.32272,403.45026,181.43689,67.3533,403.74365,179.59628,67.36038,403.1203,183.67976,96.76076,403.29575,182.77736,96.66242,403.54776,181.9179,96.513466,409.76675,170.27962,11.8285055,408.8408,173.85944,142.80147,416.29642,186.9986,60.53907,416.0499,189.13107,98.86144,440.98172,166.6422,-73.1599,453.89508,175.47249,199.68713,500.69476,162.64386,-106.78502,501.0091,184.56425,269.1236,510.3486,222.38507,14.441055,509.09235,225.36435,248.20447,517.9684,234.65813,18.245476,514.68414,236.65994,256.25153,507.37936,236.7952,35.707134,509.75632,237.81345,229.73737,506.78198,228.54266,28.386665,507.55457,234.03352,235.76987,545.8209,210.54987,-91.973816,543.2098,217.47331,91.840324,534.80316,320.39896,-131.82639,513.74384,318.28085,85.901764,620.3287,378.28912,-119.68666,574.0827,379.59457,136.8284,638.16376,375.93686,-117.704956,588.23755,381.14392,138.27986,626.969,423.75012,-143.4228,582.29816,414.48935,120.0329
How To Do Dips For A Bigger Chest and Shoulders (Fix Mistakes!) 3-33 screenshot.jpg,378.374,162.45432,30.606943,374.92856,152.95258,13.418047,375.64957,150.98315,13.505164,376.41855,148.89345,13.549874,374.68237,154.20125,43.92178,374.95865,153.59402,43.83706,375.2687,153.06172,43.743076,383.66937,139.80386,-44.795013,381.711,145.18448,93.24575,387.296,161.04562,10.112591,386.4947,163.55333,50.345222,413.37784,147.42746,-119.84858,426.13367,153.17084,154.48567,480.77383,132.53014,-249.36143,478.62064,153.09439,279.84924,482.75943,196.28426,-266.24387,481.92477,191.5841,361.4167,486.26013,210.49738,-276.87637,482.72525,200.98071,377.42084,476.87173,208.43553,-267.19174,479.57446,202.97557,355.1557,481.20618,201.24463,-258.32523,478.09207,200.11281,352.76636,497.0075,262.21054,-95.73203,500.0099,263.20074,95.8733,517.3838,373.39722,-137.55406,532.1267,364.01138,74.56796,601.80634,375.54156,-86.78979,604.69385,395.99854,134.97443,614.8055,365.38876,-81.71534,618.03326,393.21802,137.54478,626.45496,409.3103,-92.69709,618.63965,433.54803,122.605156
How To Do Dips For A Bigger Chest and Shoulders (Fix Mistakes!) 3-47 screenshot.jpg,376.40152,173.32082,19.136019,372.79242,163.83281,1.7541896,373.50443,161.64783,1.8087746,374.26575,159.34227,1.8237759,372.6567,165.7609,32.811993,372.8824,165.43259,32.747913,373.18555,165.17412,32.695988,382.5798,149.63771,-51.607426,380.8231,156.97646,90.09047,386.26666,170.53981,0.4578581,385.33582,173.94232,41.59661,417.8306,152.74692,-115.50108,422.39212,165.8634,146.7185,486.20715,134.29785,-216.17493,473.78055,166.59485,210.60463,489.6797,192.45679,-204.08446,480.68927,201.09547,188.03267,495.36707,204.24965,-214.61148,483.29816,211.82224,185.68584,485.1163,205.29988,-204.81781,479.70392,211.65013,161.82625,488.03,198.68422,-196.08957,478.7686,207.29134,175.73878,494.5337,263.9077,-90.18972,491.86682,267.90247,90.3477,513.1952,370.46356,-122.11914,531.4475,366.07864,62.110897,591.0206,393.98413,-72.15489,605.36456,396.16608,132.86015,605.20544,386.0343,-67.15462,618.7203,392.02582,137.57243,610.0961,436.8129,-95.20408,622.9443,436.60373,115.18948
How To Do Dips For A Bigger Chest and Shoulders (Fix Mistakes!) 3-58 screenshot.jpg,429.2505,170.05952,220.21555,426.49933,164.99678,210.25038,426.58487,164.22607,210.2928,426.7507,163.34224,210.30727,427.96832,165.72285,223.81898,428.75552,165.58116,223.77118,429.5796,165.45264,223.82921,430.89322,161.50429,163.3752,434.8432,163.90092,226.5128,433.99664,171.12363,203.03275,434.29187,172.7259,221.2917,437.3448,171.08296,71.71071,471.2273,176.86273,225.02158,446.62256,185.19667,-41.990036,519.95233,188.30014,167.65973,421.0723,208.23004,-98.36434,513.76654,209.68828,78.506226,415.41602,213.71991,-114.24233,512.3152,214.52036,67.88263,414.5481,208.85547,-102.48547,506.398,215.19075,56.110985,421.48196,207.64624,-93.79144,506.96002,212.96405,71.087555,474.58777,262.43347,-70.37501,488.08646,265.83978,70.41121,457.1572,334.40094,-141.00435,469.68637,338.9633,14.962505,540.19476,351.70435,-239.88039,538.40875,362.40833,-80.10908,554.15704,344.4588,-247.48967,549.18524,359.65118,-89.38738,557.00275,389.08746,-250.7812,554.5368,389.7169,-93.56176
How To Do Dips For A Bigger Chest and Shoulders (Fix Mistakes!) 4-1 screenshot.jpg,433.0402,161.78099,202.85736,429.47772,156.99371,192.00256,429.00928,156.50502,192.14075,428.63617,155.93016,192.12035,432.069,157.38976,199.15727,433.19208,157.25493,199.1828,434.335,157.18442,199.21724,430.9737,157.10263,146.67911,438.6261,158.60962,181.55202,436.34207,164.755,187.28342,437.60678,165.98888,197.08363,426.41345,176.40149,64.83192,484.72263,172.77866,192.26697,423.61737,184.38959,12.070442,527.90643,175.1488,226.07945,417.30838,198.37709,14.21864,521.37164,182.77103,293.4622,415.99185,201.03212,12.127084,520.8704,183.64006,307.64584,417.20093,200.20941,17.93098,514.004,186.2734,304.78342,421.8357,200.72081,16.787561,511.97488,187.40858,294.18365,467.7789,274.98843,-64.28313,498.3019,274.0964,64.32011,442.74863,359.70404,-113.62066,510.94736,346.75546,13.097784,540.7584,379.54025,-249.81856,567.12787,389.1285,-166.53922,557.72327,372.93707,-260.48636,576.06354,392.80194,-184.1988,557.73254,415.98706,-243.32188,578.7341,412.2239,-193.82257
How To Do Dips For A Bigger Chest and Shoulders (Fix Mistakes!) 4-25 screenshot.jpg,376.10477,172.53316,26.288137,371.75256,162.99045,5.539575,372.29578,161.07959,5.5727777,372.86447,159.05168,5.5448375,371.8442,163.7067,38.726704,372.00992,162.87343,38.680824,372.2511,162.1172,38.61059,380.39014,148.59503,-59.636646,379.23315,152.119,89.81608,385.56085,169.58798,3.9372368,384.83908,171.67432,47.413246,413.42038,151.55678,-117.54307,421.67224,156.58698,145.01414,472.87936,137.80855,-170.53365,469.7762,160.33344,220.09644,478.61618,194.66672,-97.73827,480.57947,196.73326,205.15047,483.93436,206.57744,-99.946075,485.12265,208.40622,201.54716,476.3465,206.89673,-88.973885,481.86487,208.35207,177.8078,478.47842,199.51898,-87.70051,480.1938,203.82838,192.84125,503.2796,258.1484,-89.47176,502.06546,256.4461,89.6849,514.878,368.60983,-115.43034,536.7427,351.78748,63.153217,600.6594,390.8729,-81.71872,609.45044,394.2306,113.779945,616.5021,381.76416,-77.85054,623.9317,391.91205,115.63371,620.3882,434.37634,-108.33045,624.6109,437.82114,85.978065
How To Do Dips For A Bigger Chest and Shoulders (Fix Mistakes!) 4-31 screenshot.jpg,380.75278,166.85587,45.02905,377.1065,157.14923,26.336342,377.76407,155.10466,26.415276,378.46002,152.94238,26.4539,377.03494,158.3724,59.406662,377.2801,157.68616,59.316177,377.57935,157.0749,59.224236,385.71555,142.85605,-37.58958,384.22577,148.19936,112.07088,389.72153,164.62033,22.100231,388.9474,167.11372,65.68929,414.9123,146.8399,-118.43997,427.13626,155.33116,167.89113,471.3394,133.08542,-248.42659,476.3951,154.48259,271.0806,476.15897,193.79483,-246.90926,482.2216,192.35289,311.93002,481.45282,207.16656,-257.48462,483.51273,203.55284,319.32678,472.7027,206.45848,-246.3195,481.421,203.8418,295.9903,475.75827,199.1161,-238.50948,480.2649,199.53055,301.21127,498.18167,254.86833,-94.40939,500.51553,257.1938,94.45335,513.70557,360.22913,-136.72267,535.32855,356.08148,56.863117,606.41174,384.51898,-108.50314,611.04016,392.8452,113.11108,623.1448,376.48413,-105.86894,625.8451,389.01373,114.63056,628.18933,428.00845,-136.94487,626.5506,435.80344,85.40501
How To Do Dips For A Bigger Chest and Shoulders (Fix Mistakes!) 4-48 screenshot.jpg,416.62363,143.73369,267.08142,412.96194,136.99283,249.90051,411.26233,136.19707,250.01077,409.71457,135.3563,249.98448,418.184,138.28363,254.28378,420.35956,138.45256,254.26562,422.47922,138.6755,254.24597,408.58548,132.91911,184.431,426.12872,137.574,206.48567,415.3958,144.78195,246.26703,420.91354,146.5037,252.70763,389.46417,147.62332,131.17249,456.26132,156.00137,172.26196,350.70584,164.99818,139.01588,486.99774,177.53366,202.71909,351.61917,192.53825,189.33638,496.6953,197.22827,265.995,350.39108,197.59042,198.23239,503.0988,201.24089,288.86572,355.46188,199.583,203.8921,496.3193,202.11485,290.22784,359.49008,199.0438,193.86015,491.44153,200.27698,272.0173,401.62073,252.25221,-18.746544,437.81567,262.81305,18.917564,396.14587,315.59097,-78.21758,440.8542,346.32678,20.557138,432.6041,346.4578,-231.47746,429.06158,349.8448,-146.88222,442.2279,347.81543,-248.46407,429.30502,347.52313,-165.58649,432.26047,370.76477,-246.8455,414.97842,365.64893,-164.69846
How To_ Dip- Learn The Differences Between Targeting Your Chest Or Triceps! 1-50 screenshot.jpg,392.29944,118.80893,147.14975,388.43002,112.97975,124.75811,386.39105,112.72056,124.95736,384.45184,112.45177,125.04813,394.64935,113.14035,131.19382,397.00247,112.8387,131.18253,399.3406,112.60597,131.12715,382.93735,113.60171,47.18077,403.52402,114.13662,77.63554,390.72375,122.93178,121.27714,396.4901,122.924164,130.23051,362.22852,137.175,3.103354,432.57224,137.16356,36.782303,339.04514,151.86714,-33.322876,459.17197,151.10747,-3.7848659,358.377,152.35551,-72.811455,445.4843,156.92282,-60.8285,361.78058,151.07364,-80.20059,442.76797,158.66307,-63.60191,367.8366,152.5144,-81.74799,436.91376,160.64085,-64.26946,369.7325,153.33952,-74.54266,435.47574,160.51094,-61.279884,371.17877,245.6486,-21.416098,409.92828,243.35374,21.881395,377.71085,331.09494,-16.812004,408.6763,327.4126,18.669413,385.70383,417.1443,-66.09751,407.32364,413.981,-41.07172,392.17975,428.507,-74.9797,404.95337,426.84607,-50.10352,372.22977,439.17645,-98.94514,411.55142,436.54633,-67.648125
How To_ Dip- Learn The Differences Between Targeting Your Chest Or Triceps! 1-54 screenshot.jpg,360.4903,125.000885,122.1448,357.77567,118.50074,99.672455,356.1185,118.20596,99.808205,354.51315,117.839294,99.796684,363.5607,118.38208,107.92523,365.94138,117.910095,107.96874,368.32285,117.528175,107.80447,356.0334,117.59893,24.364536,374.42545,116.93282,61.614216,360.48782,128.92067,99.74463,366.35345,128.80696,110.92741,345.7953,146.7617,-12.562272,417.59918,139.0845,63.850365,331.61838,193.72478,70.20946,460.09457,160.92227,170.58865,323.22775,196.44984,220.27441,447.26953,142.77684,332.4084,319.27466,195.4341,238.395,447.60095,135.19286,357.34998,321.3298,192.33331,237.41876,439.30545,133.84781,356.60385,326.1396,192.78995,223.47466,437.3907,138.50107,335.74365,378.40152,265.65036,-38.534187,417.91974,259.41873,38.166042,390.85736,360.44104,-15.54686,426.76764,354.1145,36.20274,417.68607,454.55887,-53.908844,445.71848,449.4956,-0.03286896,430.61768,468.7742,-59.689163,452.63596,465.80856,-4.546095,393.2134,473.2364,-78.30709,427.80222,468.60263,-10.734742
How To_ Dip- Learn The Differences Between Targeting Your Chest Or Triceps! 2-1 screenshot.jpg,413.6682,164.70706,153.04341,409.13358,155.79663,125.51988,407.8059,155.37808,125.60945,406.6518,154.94345,125.67172,414.38843,155.52217,134.02725,416.55026,154.9505,133.94316,418.8501,154.47606,134.01448,413.2866,155.25806,29.473553,431.343,153.8482,71.34592,420.1345,169.45964,123.1468,425.31345,169.54025,136.22925,417.16348,201.61195,21.859978,499.12457,181.36336,2.3882623,438.01883,249.45227,-7.7841625,559.314,219.84755,13.8147545,448.45627,283.38013,-56.540066,542.6039,271.1828,84.19303,452.2068,295.80804,-63.806683,540.496,283.00024,96.26891,451.50543,295.42032,-67.53456,534.6798,289.6043,99.20384,453.7788,289.44437,-56.17235,531.4887,285.43732,88.809715,494.83136,307.7874,31.373266,541.03186,297.36395,-30.773214,486.08975,229.20653,263.08395,525.67523,212.68027,116.03061,493.2961,273.63806,384.18103,524.21466,262.54965,312.9232,489.0801,283.12585,397.42755,522.031,279.11917,333.72833,499.33145,264.35107,441.52902,522.34094,239.09592,401.14838
How To_ Dip- Learn The Differences Between Targeting Your Chest Or Triceps! 2-14 screenshot.jpg,520.1894,278.85617,-326.8617,526.96985,269.5315,-321.21875,527.22943,268.46643,-321.24857,527.5324,267.4396,-321.2422,524.94,269.0072,-346.30215,523.7129,266.7294,-346.2566,522.43256,264.59723,-346.19922,516.69836,251.70393,-262.94376,511.05533,248.79121,-370.7555,508.0094,274.01593,-299.99805,505.55573,271.49896,-330.93423,467.43805,241.69862,-153.60838,449.28302,245.55888,-332.63086,410.01236,248.65932,7.501247,367.55313,220.43839,-264.7884,386.00803,275.91434,163.78705,353.57324,265.74792,-140.46477,374.3919,283.75497,202.71,339.32162,277.79138,-130.13493,376.8893,289.2971,184.42078,349.29752,289.85556,-122.66629,380.04688,286.79562,162.90297,353.45807,282.8638,-130.89938,363.89798,322.72382,60.576595,346.30466,325.25208,-60.342445,298.70523,397.10907,129.09772,296.02045,409.2693,-108.39519,243.57312,352.5403,293.37988,230.86209,344.44748,75.02674,237.18427,338.94012,311.10114,226.65164,328.24042,94.5462,215.3811,367.80844,359.16684,190.18188,349.8596,131.05455
How To_ Dip- Learn The Differences Between Targeting Your Chest Or Triceps! 2-16 screenshot.jpg,526.63983,274.35242,-218.62503,534.23376,267.03577,-210.84935,534.66187,266.4401,-210.79913,535.1717,265.87897,-210.85184,531.98773,265.47247,-235.45042,530.94476,263.20856,-235.43808,529.8585,261.04572,-235.52647,527.2502,252.91089,-150.51288,520.99744,247.07376,-258.98907,515.8056,270.31674,-192.2661,513.2259,267.1338,-223.56088,478.25644,245.30505,-61.978424,464.58453,245.3898,-249.47537,421.55338,249.73915,73.172775,386.76337,224.15254,-225.86235,390.346,273.73187,231.38394,363.74918,269.36285,-130.47905,379.42703,281.94873,271.299,348.83463,281.1232,-121.208855,380.34106,286.75296,257.29916,356.96555,292.6702,-115.29598,383.61713,284.43692,230.7993,360.04654,286.70303,-122.22115,379.48346,337.48666,66.406944,362.8414,339.75345,-66.34819,317.8468,415.63516,108.68436,309.50375,430.20105,-96.32833,256.22678,366.1458,193.45712,240.01085,362.4569,28.899202,250.51376,351.3871,202.74901,238.57375,344.34164,42.035816,222.73503,379.80972,232.90912,191.54782,368.72156,62.123425
How To_ Dip- Learn The Differences Between Targeting Your Chest Or Triceps! 2-18 screenshot.jpg,537.46783,283.52277,-282.66522,545.5893,274.98895,-277.99478,546.0537,274.22333,-277.94974,546.61395,273.51813,-277.93823,543.2352,273.5728,-301.3059,542.16016,271.09634,-301.29538,541.0496,268.73584,-301.29855,538.9654,258.611,-220.3316,532.3453,252.29948,-324.42712,527.03076,278.14343,-256.23425,524.37836,274.8383,-286.2743,502.71228,255.18048,-127.18229,467.92786,242.85965,-290.80536,465.91742,269.74057,-3.98979,390.9898,230.44324,-238.7662,442.31412,299.69485,89.62479,374.86426,273.88092,-149.10213,432.62286,308.2092,118.88945,363.6387,285.7116,-145.92197,434.5951,312.77246,99.74624,373.7097,294.5686,-138.52011,436.80084,308.7239,86.73223,376.90378,288.70535,-141.09729,405.17258,335.1991,58.017937,376.68344,330.39374,-57.820114,357.9278,416.06415,103.779884,339.24426,429.14856,-99.860146,311.25235,384.2036,281.61346,275.7395,372.177,80.85542,305.96466,372.4443,300.8854,271.84854,354.75552,99.475174,284.69165,402.14752,345.73407,238.99944,385.90207,131.84915
How To_ Dip- Learn The Differences Between Targeting Your Chest Or Triceps! 2-20 screenshot.jpg,531.4033,289.95288,-407.57748,538.68506,281.4429,-414.26205,540.1887,280.7696,-414.24457,541.86426,280.18457,-414.1426,533.9547,280.17368,-437.8956,531.5404,277.59546,-437.78076,529.0623,275.2292,-437.83502,536.2866,266.87457,-366.7407,518.7961,259.01596,-479.48315,522.531,285.17734,-382.016,516.8826,282.22314,-414.2491,512.9682,256.3723,-252.09792,454.03384,249.48758,-402.8277,489.39352,241.75925,-108.42442,384.40372,222.48993,-325.0881,459.3899,247.94089,24.087713,357.4005,270.6159,-174.33363,450.2691,249.53508,62.647446,342.38126,283.0752,-162.41118,453.00766,256.5874,41.91309,354.37277,294.83813,-152.7604,453.81558,255.40443,22.616068,360.0526,290.23923,-163.80647,436.39093,355.9863,70.41222,400.81802,355.20688,-70.03219,378.51117,412.1611,224.33548,355.77823,453.99136,-25.987177,331.99033,406.0456,430.80057,307.56757,406.52246,200.37221,323.96298,399.7077,453.0141,305.65796,394.74246,224.96005,301.40213,430.4128,462.32095,269.36508,429.48495,245.01913
How To_ Dip- Learn The Differences Between Targeting Your Chest Or Triceps! 2-22 screenshot.jpg,496.80338,270.986,-176.15688,504.5815,265.70615,-182.70447,506.18857,264.63547,-182.71104,507.85907,263.53467,-182.90662,498.4744,265.05902,-195.49025,496.00354,263.03342,-195.30542,493.50897,261.31262,-195.3397,506.83585,249.93307,-169.42972,485.42114,244.89859,-232.6428,490.36658,264.08157,-166.83093,485.10205,262.68796,-184.02571,505.35284,241.81131,-120.984245,422.16602,224.35793,-185.2342,486.4925,246.16281,5.016499,369.30307,202.78325,-116.522736,466.81705,259.95456,173.03485,355.16052,246.72672,3.6916413,464.82138,262.65067,226.31757,343.76343,256.27747,31.469465,467.22784,264.52512,213.92587,356.23242,264.62814,43.58887,465.87857,263.09576,175.52014,360.56885,262.84613,15.529604,458.7896,341.50977,25.346935,407.04486,339.42743,-25.137678,452.45776,426.7714,61.274208,397.38046,432.75043,-49.088467,431.57297,384.396,301.77548,369.34094,394.7846,213.20618,427.993,371.72293,330.12744,364.75406,380.21945,246.11913,422.32086,399.90118,396.95352,359.6592,418.75793,313.53635
How To_ Dip- Learn The Differences Between Targeting Your Chest Or Triceps! 2-25 screenshot.jpg,439.0268,273.27066,-179.93987,448.04288,267.65997,-190.3975,451.50186,266.33963,-190.52829,455.047,265.00372,-190.63693,438.90015,268.82693,-192.68742,435.69498,267.8822,-192.57811,432.50177,267.1209,-192.53166,462.71,256.38147,-192.66562,429.07474,257.32086,-198.27438,442.0793,272.0313,-174.90248,432.50488,273.06165,-176.12762,464.1838,252.09692,-163.71074,405.1315,247.71887,-160.17131,464.80295,234.06662,-60.35384,367.21725,240.44334,-56.582092,452.08224,248.6484,27.826145,344.40512,258.90613,45.34621,451.10468,251.23999,49.132095,334.04425,264.7716,59.079,450.86914,252.29018,44.11966,342.05612,267.03894,53.655983,449.6478,251.92,30.167927,347.40015,265.94772,46.894493,428.83685,344.69913,6.640839,398.62918,341.99588,-6.3076577,431.431,407.2858,98.9091,404.00436,411.20844,98.74185,443.15967,396.64124,319.61273,411.68912,417.04153,300.824,443.83682,390.31195,346.68564,415.69766,413.69205,324.56128,443.76315,414.9994,406.2396,403.7038,439.2652,365.8177
How To_ Dip- Learn The Differences Between Targeting Your Chest Or Triceps! 2-27 screenshot.jpg,375.1168,288.76242,-84.97453,380.85376,275.88998,-98.02886,384.59442,273.16068,-97.97719,388.38885,270.3968,-98.12644,371.0261,280.44092,-87.21324,367.8141,280.78607,-87.17817,364.63626,281.3176,-87.05475,399.52228,255.85468,-110.05599,365.6843,269.81573,-58.680542,384.9843,284.3691,-84.06438,375.446,289.14294,-68.5486,438.4973,243.61967,-82.44682,349.69733,265.97275,-40.13308,480.31497,228.89334,-47.34314,334.75677,258.9792,106.56513,485.11774,255.49559,-11.053613,327.7141,271.0186,253.96913,490.7492,262.24966,0.5619856,324.09927,274.06085,273.34372,481.66263,262.17984,1.2148249,324.8803,272.91272,271.44962,476.61087,261.62634,-8.893665,329.4081,272.1958,256.14764,431.93976,344.3921,-1.9592806,380.36365,353.4495,1.9423218,462.84137,419.59625,-11.266871,390.8695,418.62732,-12.15146,449.3786,399.20728,213.05829,387.43018,398.67395,209.04384,447.0798,390.93918,241.64656,390.00507,388.35663,235.64508,444.4037,418.02887,300.88245,386.55185,426.17975,295.43866
How To_ Dip- Learn The Differences Between Targeting Your Chest Or Triceps! 2-30 screenshot.jpg,331.0306,280.73462,-239.41234,327.3229,270.31705,-260.93765,329.58865,268.39697,-260.8819,331.95682,266.41513,-261.08536,322.5001,270.9244,-244.19003,321.06635,269.7698,-244.10207,319.65253,268.77933,-244.01595,342.23856,250.64091,-298.16544,324.91254,254.0232,-213.14406,343.787,276.4916,-246.46303,339.5792,278.13544,-221.43356,410.45856,242.30447,-256.90344,355.88806,244.3713,-138.82664,478.2543,215.19312,-185.01349,361.1673,232.599,-0.105407655,506.9203,264.95294,-100.17299,362.9257,239.50102,114.14254,519.6994,277.54382,-93.18575,361.46347,236.30493,127.90843,508.7322,278.35907,-98.06443,357.55078,242.3374,131.27356,503.44934,275.53137,-98.412796,361.2662,244.83353,115.931656,450.13965,361.29132,-52.406345,417.0805,356.34283,52.757973,484.94812,459.2977,7.792987,407.64774,410.4613,234.1088,546.96246,409.1703,179.04895,450.89682,409.30518,459.45193,549.09503,389.45615,202.25774,459.97842,401.9098,484.33267,578.22943,429.55597,235.4889,452.91113,435.0459,524.53174
How To_ Dip- Learn The Differences Between Targeting Your Chest Or Triceps! 2-32 screenshot.jpg,281.7182,319.36667,-341.37976,282.14392,307.28824,-359.78723,285.49164,305.49146,-359.77527,288.8156,303.6791,-360.05273,275.5404,307.6065,-335.49234,273.9113,306.06805,-335.51065,272.43906,304.771,-335.37198,304.27444,285.81055,-368.7441,282.25427,286.29556,-262.0128,298.78598,313.13434,-339.2822,291.6473,314.07098,-307.4381,391.0446,275.17065,-294.29202,322.58752,262.73343,-181.7034,500.53433,240.16283,-200.59032,361.42502,230.61755,-34.696095,521.61127,295.95618,-101.42187,381.68436,262.89557,88.16819,536.14545,306.4936,-98.370316,385.9697,269.25156,105.95635,516.9636,313.26154,-92.389755,382.1181,277.76196,91.695786,510.0267,307.06302,-89.83458,383.62955,276.59122,82.43968,461.43,372.58887,-46.293694,426.65344,365.29932,46.460278,486.25296,408.56506,194.8094,440.92236,396.92056,263.44073,503.60623,411.40897,442.2443,446.42557,404.873,522.6647,509.33347,406.09396,472.2951,451.50726,401.86816,552.09534,502.15408,436.5201,461.31802,435.81165,427.7319,534.82904
How To_ Dip- Learn The Differences Between Targeting Your Chest Or Triceps! 2-34 screenshot.jpg,308.58954,252.97748,-200.262,301.58533,249.58707,-228.55096,302.15897,247.69373,-228.6165,302.75272,245.7155,-228.70192,299.38538,250.64641,-205.93423,298.73413,249.9784,-205.72504,298.1978,249.32465,-205.71793,307.34915,231.30049,-287.19043,301.4936,235.78477,-183.48532,319.43015,243.12401,-214.48483,318.1184,245.7306,-183.86427,374.95538,215.28928,-257.74423,340.6202,190.19485,-107.02971,463.83386,193.35358,-204.43095,378.55234,160.2512,22.493204,486.64734,230.34053,-67.5708,366.7206,168.44342,132.79369,497.21344,239.78394,-49.882454,362.32034,168.66695,152.63397,483.67026,242.63335,-37.885647,358.55148,176.64471,152.90019,480.0922,235.90579,-52.945587,362.59747,175.22183,134.47235,468.31113,279.85272,-74.3654,444.51642,266.7786,74.734985,497.04242,411.1306,-88.31359,477.53012,388.00714,84.99538,580.8755,364.15295,-6.112961,564.6445,368.61722,177.51123,585.31433,346.46173,3.5116162,572.2152,355.14246,185.82234,615.1043,380.59518,34.283787,598.45667,393.55292,208.16753
How To_ Dip- Learn The Differences Between Targeting Your Chest Or Triceps! 2-37 screenshot.jpg,371.53384,190.22737,12.0557575,371.5017,176.28833,-2.9048586,374.02402,174.52382,-2.859865,376.71176,172.66466,-3.159182,367.3053,178.38481,14.254332,366.3964,178.01556,14.472653,365.4644,177.72087,14.763662,387.8714,162.19464,-16.585388,372.12048,168.49956,63.436127,382.07007,190.94781,12.4917965,378.00238,193.67169,35.34798,446.94528,172.38676,-33.362335,373.58228,194.51926,103.93694,502.78583,189.94412,-67.36281,353.4665,232.91986,216.83723,511.03003,250.23766,-128.06969,341.47983,227.23697,295.1149,521.19366,269.32135,-144.57057,338.4793,225.56207,297.5098,507.29095,267.61688,-157.04488,336.08145,221.6088,290.8166,501.96774,262.68597,-130.78981,339.74338,223.05333,293.66635,447.9002,329.11218,-45.840267,407.7134,339.57275,46.24005,505.7335,444.16684,-98.14448,466.95755,425.78494,48.69176,577.1403,387.8096,17.70131,531.7047,380.90594,143.95525,580.06433,369.23212,35.763023,539.7576,365.23108,157.31369,611.5498,406.0503,87.405876,561.95703,400.10284,227.42195
How To_ Dip- Learn The Differences Between Targeting Your Chest Or Triceps! 2-39 screenshot.jpg,406.14603,244.55449,-220.86568,402.44983,232.513,-240.21112,404.45816,229.80614,-240.22012,406.62192,227.10225,-240.49228,397.63626,236.17618,-222.1011,396.59738,236.23862,-221.90958,395.57266,236.53499,-221.74124,415.82724,212.81923,-269.41995,400.33035,225.46555,-180.38477,417.22766,240.30853,-224.88593,413.8684,245.34697,-198.2594,483.30185,212.60536,-229.57196,422.21838,228.70418,-126.673515,559.08704,203.73866,-123.535095,469.50723,205.65074,2.827233,579.9663,254.5526,-57.637817,464.32196,193.98033,169.02112,585.8915,266.2924,-53.77884,465.54877,187.56902,195.22742,579.47546,266.78842,-59.993267,453.17624,187.21272,199.12154,573.6371,265.70718,-56.42374,454.42227,190.52034,171.90584,488.1747,349.06046,-43.085148,453.74802,355.72058,43.50084,517.64197,433.54813,114.37226,487.3815,421.62247,256.73166,534.42505,400.57376,380.6499,513.8851,398.1181,521.6197,533.5075,385.9203,413.3858,516.28094,382.2699,553.475,547.2931,414.9135,445.71854,518.92444,424.88318,595.5347
How To_ Dip- Learn The Differences Between Targeting Your Chest Or Triceps! 2-41 screenshot.jpg,466.56174,290.33926,-107.77773,475.9833,271.78027,-144.54279,481.98633,267.72147,-144.70737,487.8244,263.61377,-145.04803,456.5334,276.1143,-138.46979,450.21667,274.66486,-138.15605,443.98315,273.62073,-138.01704,501.82687,233.00613,-217.10048,433.0786,247.11594,-183.67293,476.77325,280.55975,-122.44147,459.5943,283.776,-111.346855,548.24744,185.43437,-191.72552,393.46512,207.74367,-165.39655,600.854,166.15529,-65.98769,367.35223,199.86671,-0.39768276,604.2346,242.4868,74.478424,369.85446,236.63222,189.50122,617.1575,257.58337,120.85164,357.62537,245.94649,229.54626,601.6111,257.93848,124.5643,365.2774,246.14087,235.20578,594.0851,255.28593,85.61457,375.5063,242.32092,200.54424,520.09686,339.98804,3.7937145,435.1119,344.94104,-3.259229,529.42865,446.4934,35.468613,454.12357,447.48898,3.7185452,479.19217,415.88635,274.69638,442.57455,407.6974,253.09897,476.51083,400.97525,305.70087,441.53033,385.6589,285.1726,460.53314,442.5281,433.594,441.59036,446.49817,413.45526
How To_ Dip- Learn The Differences Between Targeting Your Chest Or Triceps! 2-43 screenshot.jpg,472.79773,260.99954,-228.45784,482.35098,253.19879,-242.28455,484.98486,251.79895,-242.28583,487.68646,250.33565,-242.37682,474.47546,254.29831,-246.44142,471.2476,253.18173,-246.3797,468.09378,252.29112,-246.3558,490.03137,239.13194,-237.46463,460.42316,240.79324,-257.38248,470.82455,260.2087,-218.80713,463.24326,260.67746,-224.35368,469.9934,233.80974,-172.89401,430.36673,233.83301,-212.97789,450.40454,215.00476,-58.040596,381.21432,224.39299,-109.309006,432.0072,223.15161,28.077398,352.4535,235.47641,14.012318,427.89914,224.67836,54.1374,339.86542,237.59459,32.945156,430.71835,224.182,49.2595,347.24527,241.24426,35.26222,431.1887,224.43565,29.613256,351.77972,241.61453,19.752169,451.55353,334.46002,25.604313,433.13013,331.35254,-25.25604,445.82294,405.89005,138.26866,418.81476,418.7102,18.304476,413.0776,385.79156,273.1843,388.74493,381.64008,127.4011,406.21332,378.2025,292.45166,387.84726,372.0498,143.40912,403.41177,401.9408,367.15628,372.57703,396.7944,227.73611
How To_ Dip- Learn The Differences Between Targeting Your Chest Or Triceps! 2-45 screenshot.jpg,474.2965,219.33287,-332.83624,483.847,212.85799,-339.55298,486.09332,212.12643,-339.5073,488.4781,211.36967,-339.57437,475.88516,211.55692,-349.90933,472.75806,209.34239,-350.0713,469.62006,207.37125,-350.21005,490.1166,197.8432,-299.3335,461.29974,190.38423,-350.8786,470.6627,215.52388,-309.36362,463.6086,213.364,-323.75958,493.15186,197.66344,-228.42343,407.8376,177.30315,-261.0341,478.76212,209.54059,-37.484753,357.71683,171.29117,-130.3827,466.32605,215.1722,191.34879,350.2884,210.58131,4.205446,464.44922,216.93045,250.56772,342.00323,220.99394,28.888182,468.40112,214.14532,239.40678,353.99945,225.19716,28.429855,466.76703,213.30457,196.0155,359.38016,223.4112,11.166295,446.21783,298.55222,15.109763,403.60065,291.89984,-14.781193,413.76376,362.38278,257.5414,397.56622,352.80823,154.1248,373.32507,341.1502,603.5073,380.99713,389.01083,462.1853,367.4007,330.4015,642.5839,378.36713,389.73273,494.99722,352.5557,354.2292,662.1626,377.2499,414.79547,481.67407
How To_ Dip- Learn The Differences Between Targeting Your Chest Or Triceps! 2-47 screenshot.jpg,447.32907,218.38799,-322.9852,455.29443,211.58446,-331.4414,456.48065,210.178,-331.49094,457.81207,208.78177,-331.52457,450.64813,212.43048,-346.02478,448.98077,211.04251,-345.88416,447.2434,209.90233,-345.93716,458.68073,196.78528,-300.84338,442.3437,195.39792,-371.9181,442.69,212.50877,-304.61514,438.98828,212.79398,-325.04602,457.3797,192.49557,-209.366,389.7767,184.23647,-306.0377,431.465,199.4471,-47.14412,324.9108,168.46448,-225.98244,412.92435,221.38593,120.68203,323.1261,215.99213,-106.25154,408.86893,227.08226,168.67874,316.1547,226.19353,-88.91239,409.60086,227.16434,150.22232,328.4605,233.94432,-72.36358,409.09348,224.31235,122.830696,331.58707,231.7188,-92.42013,402.8769,293.9097,46.24995,368.0767,293.68866,-46.132915,372.512,347.85825,271.53323,347.4665,366.9171,92.321106,317.63107,329.1399,482.70654,294.22083,329.22452,338.09332,307.9195,319.41605,505.96875,287.42767,316.278,364.77197,303.90796,345.91995,520.89764,273.053,348.80038,381.1205
How To_ Dip- Learn The Differences Between Targeting Your Chest Or Triceps! 2-49 screenshot.jpg,498.81976,197.77693,-249.4741,506.50858,190.86093,-254.17476,507.10733,189.42368,-254.23505,507.88834,188.02966,-254.2132,503.77267,191.25552,-276.1859,502.64713,189.58327,-276.17294,501.45618,188.0458,-276.24002,505.981,175.40456,-222.20912,495.88892,173.2968,-325.09082,491.4756,192.65793,-230.65114,489.32516,192.26015,-260.39886,486.7433,174.12503,-137.07246,443.81,164.04297,-294.82773,446.45804,191.85007,-10.022407,376.19418,145.76465,-260.69138,420.9201,217.48784,79.18779,368.23892,196.2221,-178.093,414.82275,224.03554,105.03142,359.00552,207.22975,-179.63583,417.6253,227.55756,85.64683,371.17273,216.26387,-170.14941,418.19095,224.80865,75.79516,374.0331,212.99649,-170.34651,429.33026,271.4253,64.473724,400.6326,270.89816,-64.34724,383.8884,328.2113,202.3677,380.01498,353.66428,-8.439223,330.28625,326.9967,362.7306,313.82837,313.3435,216.09729,322.76837,319.70508,378.19986,308.68106,297.5495,239.41986,306.33682,353.58014,376.04248,278.74176,338.72052,249.40762
How To_ Dip- Learn The Differences Between Targeting Your Chest Or Triceps! 2-54 screenshot.jpg,560.03296,240.96016,-204.38391,569.2282,235.20425,-207.71632,569.86176,233.85786,-207.81566,570.67975,232.5349,-207.79085,566.0395,235.24017,-231.39375,564.7501,233.35295,-231.32721,563.41284,231.61081,-231.39621,567.9912,220.1931,-186.61131,556.854,216.84912,-294.9853,551.2217,236.47714,-190.40683,548.7324,235.36743,-221.70474,536.7319,214.88994,-116.0228,504.27768,211.41386,-283.25534,491.31314,220.87694,-19.13824,428.99976,184.68565,-262.40952,461.7924,247.68333,36.210716,424.7762,240.59418,-172.1134,453.00037,254.86072,48.414543,416.4628,254.20578,-175.61565,458.173,257.65714,32.939556,428.82455,263.8772,-165.79398,459.99084,255.68236,32.132584,430.4104,259.6612,-164.67715,486.82336,326.636,68.02498,462.7093,331.81644,-67.75508,442.85022,386.4935,215.7254,441.30045,422.91223,-0.19723165,387.20605,397.88818,337.05963,366.6888,391.16833,199.55357,378.2364,391.817,347.98254,360.0641,376.4029,220.9377,363.47107,427.3606,348.09717,329.79623,416.57498,242.6621
Rings training progression 2_ Rings dips 4-12 screenshot.jpg,436.5627,154.69911,-72.09744,437.35303,149.63339,-57.115044,437.38123,149.95079,-57.05498,437.4664,150.21266,-57.055,435.24686,147.80814,-76.69379,433.79852,146.55653,-76.66376,432.3166,145.38196,-76.811554,429.63654,150.5354,17.100548,422.86853,144.55873,-75.15987,431.62418,159.88112,-43.943,428.22562,157.09306,-70.714615,408.52814,179.9905,109.34955,386.0407,163.54922,-127.91401,394.33853,210.78873,260.59848,353.9133,168.24649,-317.63684,391.8611,217.06433,349.46555,370.79175,199.66013,-446.31158,391.13354,218.7442,366.2017,369.1737,207.4808,-470.12027,391.35522,216.11026,353.86722,372.52054,211.3893,-465.8941,392.39108,216.62218,345.60477,372.05457,210.2277,-445.7991,371.42325,282.4212,79.99588,354.90207,279.98193,-80.00151,358.5692,364.3891,83.6376,359.43198,370.64648,-113.05986,343.50598,435.4921,139.26807,349.65033,455.96463,-79.503105,334.617,444.4895,141.11362,341.10944,465.52524,-79.45539,360.80502,462.22495,88.60549,370.12515,488.58148,-148.7663
Tricep Dip Hack For Bigger Arms! _ ANYONE CAN DO THIS! 3-32 screenshot.jpg,471.38895,153.56052,2.2042587,473.6891,146.61993,13.727605,472.98877,147.2503,13.774916,472.29477,147.8429,13.795258,473.33652,143.08344,-12.926049,472.3754,140.86227,-12.919249,471.3774,138.70761,-13.039893,461.78043,144.90111,78.34971,460.56366,132.86989,-43.02049,461.64053,158.21173,28.221567,460.8339,153.0869,-6.4755583,414.93674,161.4623,155.38513,426.4953,148.37424,-94.725945,367.37897,182.46173,272.42236,381.17786,163.37817,-203.65233,384.97232,200.99657,355.2158,409.90524,210.78398,-244.93358,389.38123,205.173,362.21378,413.33063,223.89024,-257.75217,391.0862,203.55168,351.81195,417.97952,222.03052,-252.97992,390.7244,203.03412,351.12885,414.01617,218.31805,-241.20702,383.13013,266.3862,91.82014,385.6645,265.43622,-91.540955,370.68097,347.77588,78.424286,383.54965,354.88696,-129.5294,305.75455,409.05313,70.40081,298.27615,394.7119,-122.65362,287.2277,413.65057,66.17776,278.68408,392.97443,-122.27934,310.7257,445.70135,25.138338,292.23724,434.18912,-158.01677
Tricep Dip Hack For Bigger Arms! _ ANYONE CAN DO THIS! 3-37 screenshot.jpg,455.52173,155.73872,6.4705477,458.83353,150.4256,18.65982,457.72476,150.2375,18.655697,456.6377,150.00423,18.603764,459.3604,149.00766,-8.991875,458.8679,147.38112,-9.047616,458.31097,145.78366,-9.164546,447.62845,145.42453,72.51251,449.8986,139.39104,-51.677914,445.37296,158.1331,28.742731,446.42365,155.31529,-6.808135,398.361,155.12636,142.70345,416.20117,146.82579,-105.40387,355.98596,174.31737,231.21976,370.35852,167.39278,-160.38503,366.16302,206.17519,297.52325,375.60913,215.93387,-191.63472,370.58148,214.7923,306.08997,372.8285,229.61925,-202.50542,371.38593,216.97946,292.59314,378.60046,228.89369,-205.29631,371.4306,214.88759,291.73236,377.01175,224.17436,-190.53296,371.79214,259.13004,90.085846,374.41776,262.83923,-89.651924,376.5207,334.00916,68.65614,377.11935,352.87796,-135.74089,314.0588,369.3501,102.97916,295.02274,361.88596,-83.43327,300.4339,369.3198,101.79897,281.09018,355.2588,-77.64244,304.51736,398.46243,63.069,264.82568,388.92007,-107.4158
Tricep Dip Hack For Bigger Arms! _ ANYONE CAN DO THIS! 4-31 screenshot.jpg,468.2717,166.0991,52.630253,472.7827,160.22728,66.70079,472.61713,160.94452,66.72953,472.51617,161.63507,66.68144,472.11633,156.518,43.119728,471.22943,154.16914,43.04167,470.26706,151.8592,42.854767,465.81912,158.27058,126.96494,462.9671,145.3711,19.83975,460.26923,169.47667,75.964615,458.98975,164.23653,44.960052,425.82138,176.81053,193.37239,431.23553,150.77242,-42.227768,391.17123,197.51205,319.17874,387.89056,158.77307,-80.012634,404.91806,202.78537,413.34732,408.42358,196.0397,-48.237644,411.6701,202.28122,430.0549,409.87796,204.71466,-44.577484,413.23514,203.38986,418.9739,412.4098,206.89194,-38.66313,410.90372,203.1613,409.0085,410.12997,205.4476,-42.479115,392.73248,277.23413,83.993256,392.64383,269.31393,-83.61972,376.4192,381.91705,26.060318,399.30368,380.20615,-146.86768,302.4988,359.4244,100.473175,312.37753,356.4463,-83.213875,292.24722,346.7257,109.189026,299.06583,338.10474,-72.20674,281.7482,383.7537,124.33624,280.5676,394.71704,-62.191486
Tricep Dip Hack For Bigger Arms! _ ANYONE CAN DO THIS! 5-27 screenshot.jpg,381.8495,143.52374,-111.84465,386.4727,134.57607,-129.1397,388.59824,133.69122,-129.03375,390.8378,132.7043,-129.08153,383.57397,135.18964,-102.06096,383.21045,134.8496,-101.97228,382.90164,134.59256,-102.022026,403.59808,131.8967,-154.87465,392.79376,133.56541,-28.448462,392.68765,149.7976,-118.36266,388.51074,150.58624,-82.34217,439.20813,168.9289,-184.50107,421.50037,178.51883,58.496986,505.98602,157.1288,-217.90489,476.5906,196.49109,168.75473,502.39017,214.42108,-203.93977,493.22028,219.47623,184.6116,505.4849,228.48941,-223.73921,499.8504,227.61621,184.32054,499.28247,228.90973,-218.76343,494.8507,227.84758,164.57379,502.2029,223.16995,-200.08661,492.90985,223.8539,173.4393,473.54758,299.33572,-94.000404,456.852,298.9445,94.7208,506.71796,421.54865,-125.4195,487.15988,395.02536,153.58888,558.99695,380.9198,6.502781,558.99567,384.5681,233.47131,561.9477,367.43585,22.068493,564.77246,376.03357,240.96399,580.91406,386.50342,46.385273,584.0503,398.18533,254.52013
Tricep Dip Hack For Bigger Arms! _ ANYONE CAN DO THIS! 5-32 screenshot.jpg,318.31577,219.75735,-146.29285,311.1634,213.17554,-167.06645,311.72528,211.27733,-167.03784,312.32642,209.19623,-167.02992,309.79196,213.92023,-138.01547,309.2671,213.2133,-137.93661,308.83408,212.49252,-137.9514,316.86478,197.79585,-215.29097,312.42688,201.90637,-82.20761,327.81638,214.1546,-160.85747,326.2321,216.71579,-122.440475,369.23624,190.30347,-264.64893,352.0112,195.25414,25.859299,445.89297,162.49355,-288.578,408.37927,193.0671,108.67013,473.0168,221.87036,-265.47574,441.32373,226.61424,93.48009,485.3389,232.71327,-289.71323,449.15027,235.14761,98.721306,471.99246,238.6596,-286.13992,446.5376,239.46257,69.79532,469.39648,230.57457,-259.38916,443.4568,236.29669,79.68143,463.23038,283.4357,-99.22419,449.442,287.0865,99.736496,533.1751,367.86487,-126.85507,505.91098,363.2105,126.22122,570.16437,292.68448,-35.910244,550.2066,304.32794,217.28447,563.2999,276.0874,-24.220716,548.0904,290.5652,227.31989,614.34906,291.9225,-16.736187,584.8161,307.1754,246.72841
Tricep Dips 0-10 screenshot.jpg,260.65915,168.10861,-316.8371,266.727,156.9559,-314.7161,270.5086,156.66202,-314.61502,274.33163,156.30696,-314.67374,256.39783,156.9219,-311.54858,252.70732,156.38185,-311.47458,249.00754,155.95404,-311.45422,281.28125,155.84462,-232.3337,246.01979,155.22507,-215.4181,268.71494,174.49402,-280.33295,255.67058,174.06165,-275.3225,313.6435,186.6515,-138.05626,223.39906,189.05592,-100.3533,367.6566,205.17502,-58.272076,210.6768,216.27808,99.36063,360.47006,256.4352,-59.277046,214.22643,254.00926,135.86758,359.11987,274.2765,-67.50487,214.7013,267.4119,134.9946,352.05032,266.9521,-88.38598,217.23415,263.3287,109.970245,352.84033,261.62076,-64.28948,220.11076,258.53976,129.56131,308.7743,322.95468,-7.2722826,254.55875,325.48578,7.757031,321.34158,423.7049,-30.66287,248.86668,420.52615,0.50563645,309.2196,481.43973,151.08482,255.80066,480.05194,196.74022,303.16827,488.36728,166.24681,261.10028,487.8368,211.04753,314.8813,514.2335,101.79349,250.68103,513.9821,144.38535
Tricep Dips 0-13 screenshot.jpg,260.85596,156.84615,-354.2202,265.77277,144.3182,-349.46353,269.78613,143.67847,-349.3424,273.8536,142.96393,-349.38892,254.51498,144.98036,-346.50757,250.30557,144.63123,-346.42545,246.08704,144.39359,-346.41788,280.218,141.42838,-256.6856,241.68047,143.45883,-240.05505,269.58585,162.56683,-314.05624,255.0419,162.99461,-309.42575,317.02658,175.21259,-163.4371,217.26067,179.48776,-112.4688,370.85165,203.842,-88.95191,206.61299,215.97842,98.63525,359.65475,253.49591,-100.79293,215.93222,258.18954,143.74619,357.10376,269.59833,-110.529854,217.9888,270.11792,146.48563,349.55786,263.10934,-131.92519,220.88248,267.3028,121.138054,350.49362,258.02823,-105.665215,223.83755,262.5921,137.4228,312.3684,309.83542,-10.754653,254.02907,314.8546,11.1574335,316.49393,411.64294,-54.410034,262.36322,410.6671,-5.612023,313.0181,470.99664,137.0496,282.24823,460.1382,232.50546,310.55392,475.81973,152.735,287.21982,463.52817,250.81647,312.21753,509.46964,76.26031,290.6885,499.01758,187.0257
Tricep Dips 0-14 screenshot.jpg,261.38644,173.92279,-364.69388,267.0746,161.96066,-363.73087,271.04822,161.43732,-363.6157,275.07724,160.8501,-363.70352,256.6235,162.44833,-358.5686,252.78761,162.08286,-358.4411,248.9344,161.88127,-358.412,282.7929,160.05557,-284.79343,246.74765,161.11922,-257.192,270.72617,180.03621,-328.68777,257.03076,180.32013,-320.7014,318.53406,191.23593,-180.78954,224.34882,194.46373,-121.222946,377.3368,204.97346,-66.3468,203.98984,210.46179,142.36519,360.70795,259.29782,-0.9866391,213.82051,254.73117,258.73315,356.5638,278.3318,5.2485423,216.95877,268.89963,276.82004,349.27652,269.0254,-15.004103,218.27892,266.46176,251.61147,351.4923,263.34647,-1.958746,220.70113,262.69138,255.88808,312.10507,323.5774,-13.693847,255.1154,328.346,14.071572,323.2144,429.67593,-94.16962,254.59018,426.35846,12.91457,316.67795,476.4063,130.55627,285.35043,457.64346,323.1293,313.1781,479.74255,150.94681,291.90952,457.04477,351.7506,317.89404,511.37616,87.7447,294.7126,496.86243,314.73148
Tricep Dips 0-6 screenshot.jpg,262.0418,149.43005,-271.9214,269.9633,141.05762,-263.2317,273.97675,141.65962,-263.1162,278.0448,142.1795,-263.13745,259.48526,139.41501,-258.24756,255.77528,138.5646,-258.16968,252.00533,137.8191,-258.16266,285.1726,146.31305,-181.18674,249.20346,140.4102,-157.89345,269.7295,159.51134,-238.72316,255.59381,156.98405,-231.95717,315.4796,184.48738,-116.01937,223.87517,183.06255,-54.957867,373.1477,208.76074,-63.14851,209.96878,222.43135,144.69559,364.33408,253.4887,-83.25063,213.22256,256.14938,188.2508,363.95013,270.00125,-95.79891,214.9959,269.1438,189.41243,353.40268,262.03445,-114.46474,219.00127,261.63232,163.7719,353.67746,257.3694,-88.019806,221.59615,257.5971,182.07211,313.97964,313.03632,-12.63261,258.58942,318.1621,13.137867,322.0807,403.17017,-15.674257,254.49036,409.67612,9.561755,322.4901,466.16885,152.60649,254.92247,483.9956,160.41718,320.09845,475.17307,165.53368,260.8247,495.02747,168.67596,326.617,500.49237,97.36812,243.53864,519.9022,86.158844
Tricep Dips 0-8 screenshot.jpg,260.00916,171.08533,-311.38208,266.34152,161.17677,-307.77618,270.27097,161.1145,-307.69888,274.25378,160.99057,-307.7645,255.90656,160.76071,-302.6348,252.20251,160.18735,-302.53055,248.45837,159.74597,-302.4887,282.09238,161.2333,-229.87598,245.74294,159.55678,-202.86327,268.6488,177.89626,-277.60687,255.13768,177.04333,-269.6626,317.29535,191.32516,-151.92226,223.43294,193.23418,-98.30758,365.00607,206.82086,-72.71349,212.59811,223.21838,99.484665,361.6853,255.7037,-63.550632,216.11455,259.64252,164.97548,362.63516,274.1978,-71.89083,217.79222,272.95477,172.91176,353.24146,267.70203,-92.93909,218.36906,269.0759,146.89091,352.66278,262.94717,-67.98214,221.28401,265.71744,159.31964,313.09485,327.01245,-11.983721,255.92854,329.97775,12.527983,326.4183,425.49432,-39.36406,254.86781,419.91458,11.09982,323.74243,470.3996,184.68071,260.3369,480.28394,231.81554,320.6468,474.783,205.56432,265.71964,487.73438,249.34038,326.84167,505.49298,155.65665,254.88918,518.4718,184.7388
Tricep Dips for Women 0-18 screenshot.jpg,328.25467,157.72984,-199.75195,325.3892,148.05176,-217.26387,327.1429,146.3996,-217.26685,328.95337,144.71797,-217.40836,321.92728,149.6009,-195.47044,321.09738,149.29608,-195.44977,320.33997,149.15837,-195.4133,336.6722,135.65909,-240.70844,324.95877,141.83209,-140.14238,338.16992,156.297,-202.91856,334.62787,158.56407,-173.43886,392.16727,138.70547,-229.61679,357.00244,154.86485,-68.47204,450.3021,134.16853,-184.08864,411.72278,165.16629,15.254874,443.11594,187.30466,-120.206535,414.84006,193.40094,70.01435,442.4393,201.08926,-128.4705,416.9395,199.41992,83.5881,430.3194,198.75467,-124.558525,407.59143,200.15933,70.40081,430.7765,193.50838,-115.18936,408.47827,197.54259,66.49619,440.59134,274.05063,-69.88323,414.8798,265.30533,70.32708,389.5574,372.5573,16.302347,363.86316,301.1004,234.55225,447.3558,391.12268,188.0446,363.44183,328.1199,382.58722,461.57166,385.5226,207.28764,370.50177,332.83722,397.69818,443.644,421.7643,199.01816,334.73013,345.1651,396.71616
Tricep Dips for Women 0-2 screenshot.jpg,357.10938,168.00876,-93.64178,353.06268,160.1128,-108.03563,354.17447,158.53552,-108.06668,355.30728,156.89578,-108.106766,351.49704,161.53563,-87.43791,350.9476,161.48048,-87.40239,350.4837,161.4591,-87.40427,361.66086,151.44716,-134.18648,355.64444,157.24121,-39.56001,366.3254,167.58861,-99.620926,363.57962,170.47363,-72.02014,400.83505,164.63153,-151.79938,394.93942,169.7457,28.188847,464.36957,183.1088,-136.67354,443.34308,194.6256,82.677086,464.3632,228.96585,-72.173584,440.9707,227.42818,77.71697,465.93167,241.00803,-81.576035,440.23135,236.63766,79.70265,455.6545,241.23756,-74.95931,436.02927,237.22159,61.042683,456.79126,237.03955,-65.773964,437.57324,233.82831,69.8996,475.70227,276.78064,-69.290855,468.7804,272.8081,69.60077,446.15475,347.52725,-78.76838,466.3482,331.55215,85.957,523.08374,384.3821,5.3497524,529.3595,389.7963,154.84807,538.37463,381.34735,14.607667,543.541,394.49622,159.8548,532.2849,422.16687,12.617422,534.7446,424.50735,150.57423
Tricep Dips for Women 0-7 screenshot.jpg,339.7278,163.2792,-100.273186,337.3953,153.01134,-116.7769,339.2125,151.17749,-116.76227,341.0954,149.3114,-116.81887,334.84973,154.20943,-89.957504,334.41736,153.70813,-89.96024,333.97488,153.3093,-89.996056,352.31708,140.53793,-153.23769,342.6958,145.21666,-30.55127,351.989,162.08131,-110.07714,348.3212,164.76022,-73.970314,408.36337,151.14217,-185.39186,377.30182,164.62964,57.605293,464.67044,170.81017,-237.1046,385.69922,209.86212,215.80591,437.97827,229.01039,-225.22841,345.41736,239.96646,287.08218,434.41205,245.52115,-236.3808,333.47662,247.0594,298.5686,424.4991,238.26543,-238.89384,325.1439,245.26305,276.12863,428.47928,231.44156,-223.1574,330.29117,244.37988,277.18896,454.1435,279.21545,-78.31486,434.70215,277.10004,78.52833,439.1628,368.89996,-19.618916,429.13168,349.9229,165.45088,494.939,410.092,96.71246,466.2888,408.16064,267.52307,510.17416,409.16028,108.59688,479.18756,413.29926,274.6178,490.8865,446.20428,90.74977,458.00342,442.3214,250.65094
down1.jpg,568.0967,401.93536,-289.62686,575.1547,383.424,-273.23746,575.31177,383.22144,-273.19403,575.7338,383.08258,-273.1284,571.20026,379.03998,-318.24808,568.12103,374.58087,-318.17862,564.9449,370.22528,-318.385,551.9048,366.73798,-150.1808,538.6181,351.08362,-347.278,544.8855,405.50308,-238.34428,538.83044,397.86133,-295.63257,455.301,399.4663,-33.235626,430.4685,382.4843,-315.1187,348.5923,415.97958,57.9209,261.0335,346.15656,-359.89185,294.3398,461.8068,61.311577,223.97398,444.899,-300.62,279.38678,475.7301,54.447197,199.32645,465.56885,-314.49402,285.23605,476.40204,27.195763,222.90393,486.05194,-308.8183,289.13132,474.05075,48.591885,225.2175,480.5191,-292.7903,319.01083,648.79065,114.09984,284.9183,653.7324,-113.90521,314.68106,839.35913,187.88336,293.9718,866.95404,-156.83405,168.56477,859.538,317.17654,117.66426,859.8591,48.53689,145.56082,840.4052,330.0175,96.96061,834.4575,72.36097,124.343544,927.0055,347.55487,50.78282,924.92865,83.36948
down10.jpg,491.0879,481.83093,-295.55557,498.0705,463.1455,-289.9366,498.53873,462.28497,-289.9538,499.23502,461.4899,-289.8973,493.32596,460.38904,-329.55887,490.25357,456.5534,-329.47495,487.125,452.87442,-329.5691,480.28357,443.53186,-189.59175,465.39236,432.86646,-365.82382,472.4119,482.4322,-250.11476,466.45532,477.38428,-301.63882,414.4631,473.47763,-42.60952,365.98767,462.46768,-353.25104,329.7467,508.2074,74.558975,221.19235,465.10974,-368.51938,289.55414,567.9449,112.44318,193.83878,573.19727,-272.86588,276.6442,588.23724,131.32028,171.01198,596.90936,-287.13724,281.73184,592.74866,94.82059,196.10437,613.7007,-272.68576,284.03427,586.4786,99.629234,200.69121,604.93933,-260.55484,294.32666,691.9982,114.79849,249.73044,694.63715,-114.589195,300.09845,874.6184,196.38461,256.12308,900.54474,-165.08757,150.58203,853.58875,329.56503,99.88678,843.21606,36.925777,129.58963,832.7854,340.96655,84.972275,815.4144,58.762596,101.092415,894.87756,389.9466,38.709705,877.4275,103.793
down11.jpg,287.79776,514.9259,-468.58792,302.56433,491.86032,-482.9795,310.63547,488.24225,-482.97714,318.7715,484.6271,-483.332,279.0505,496.9226,-487.606,271.02118,495.99573,-487.16788,263.03305,495.59473,-487.06143,333.66843,465.63483,-390.9378,255.5059,476.4306,-410.7916,301.12354,508.6883,-417.936,276.64966,513.5322,-423.02463,381.5876,479.4834,-218.29381,190.1246,481.90802,-224.96811,436.7455,488.5915,-105.8387,129.70836,519.24854,147.62277,387.15524,471.8396,-18.352776,137.52444,598.4831,458.39084,377.64066,463.5769,0.4987735,137.03658,617.21277,526.97174,369.47235,460.82,16.04548,147.53662,621.78033,528.69574,367.7972,461.03775,-6.995749,153.05504,613.25256,476.37088,331.72614,717.75726,11.608516,232.17567,723.02136,-11.489279,345.94922,900.598,35.654243,219.6882,910.63477,-0.9055719,318.3601,885.203,704.0717,235.73163,895.9032,692.03406,308.06772,871.077,778.19946,241.10492,883.0883,763.67426,315.37714,915.37524,839.458,238.5979,942.5029,807.01917
down12.jpg,137.84717,492.117,-437.89984,137.06393,469.4547,-471.4006,141.25562,465.04767,-471.29803,145.51631,460.54114,-471.3079,128.30005,476.40884,-431.2827,125.72418,477.46637,-431.23154,123.14522,478.79218,-431.19418,164.95912,441.99622,-482.17032,134.08577,466.1699,-302.05313,160.0238,488.8771,-430.26144,149.47498,497.733,-376.60596,271.801,455.5912,-409.55374,155.12929,506.6548,-132.32433,411.6841,470.9729,-420.84412,182.68242,549.6495,181.2908,425.2258,562.2034,-397.7412,171.88934,598.8966,387.7499,437.70584,580.45416,-430.7653,167.20549,610.17096,415.39108,413.3109,584.64026,-436.73694,160.81874,612.6207,380.17355,411.14294,582.3107,-396.37033,169.11223,609.25275,376.79608,345.1189,683.1815,-88.55349,273.09332,700.79346,89.13996,357.29587,840.81323,0.7587571,284.3443,853.5001,90.00798,396.56473,876.7201,410.01617,364.41006,923.46313,400.8948,409.9136,874.78613,451.2928,388.78314,926.0369,431.81998,387.73962,930.1669,433.01114,354.4624,986.6849,404.3009
down13.jpg,44.68133,450.00092,-8.23052,43.185196,425.90057,-41.392044,45.876076,421.76892,-41.291912,48.632656,417.36755,-41.19719,41.482635,428.90042,14.925041,41.988224,427.9804,14.727215,42.605366,427.09814,14.681335,74.562256,400.40826,-113.47965,64.2536,411.847,138.06615,70.15695,449.9115,-31.654356,66.1018,455.79413,40.605915,178.70659,439.2874,-196.50284,154.5017,475.6394,253.13153,358.9337,455.23163,-303.0205,280.0746,517.4199,299.48898,355.7854,584.31934,-237.6985,323.764,614.7353,175.05981,363.30096,611.93945,-258.81012,331.98886,643.9363,139.04105,338.36902,613.8701,-250.39697,330.69873,639.949,110.695366,341.98975,601.96387,-226.50708,328.56436,627.8389,151.9461,322.22534,705.8257,-167.96204,283.3351,718.58514,168.41443,365.46957,969.818,-229.0461,282.4832,967.85065,126.210464,555.70416,910.20074,-108.329994,453.34894,905.6588,330.0469,571.6104,876.8325,-96.383514,477.20825,875.31244,347.84497,621.53217,967.6876,-137.224,493.14365,960.3042,370.47522
down14.jpg,159.84032,422.01758,115.597626,152.39062,406.4282,82.9891,151.59674,405.3751,83.22771,150.93846,404.17584,83.25889,158.01712,405.63034,107.86158,161.22124,404.10046,107.81959,164.60506,402.61386,107.88149,163.65077,403.80264,-25.66531,182.12659,400.37366,92.44773,173.67374,431.84314,82.98414,177.99773,432.6633,117.65771,175.65005,468.0936,-78.97352,311.54022,455.2613,123.13955,221.4455,476.27795,-71.84111,407.23752,514.8041,250.72125,236.09177,435.27682,24.098003,345.65167,521.43317,433.907,238.06175,418.3557,8.470372,335.29584,516.4011,465.496,243.87033,421.59604,23.789446,322.7356,520.23755,445.19498,251.17625,432.75967,29.840347,322.8012,526.5237,427.30997,285.677,791.21674,-113.004166,355.7243,774.1153,113.13597,292.52628,1059.2455,-217.66447,391.93832,996.1233,68.42658,565.36957,1136.3796,-273.00217,587.95325,1144.5397,8.927378,602.50275,1120.9641,-276.41296,626.3925,1150.168,3.286174,624.1805,1218.7388,-297.908,609.5366,1213.9834,-34.889347
down17.jpg,557.13135,558.27783,113.18073,567.31067,539.0873,130.96626,566.069,538.238,130.88979,564.9535,537.2908,130.83522,568.557,535.3299,79.52359,568.0062,531.0546,79.354836,567.3316,526.7585,78.90307,548.53973,522.16296,220.2932,550.3059,509.45633,-4.509014,535.41833,561.6711,151.55885,535.7753,554.9994,86.80807,456.1641,567.48444,337.571,470.61575,528.1937,-128.57283,366.36996,613.4351,552.191,358.56134,569.4885,-366.92706,374.5951,666.822,675.3899,380.26935,656.43335,-471.42706,373.8248,687.8002,685.6477,374.47482,674.3788,-502.76154,375.7475,680.3042,667.28534,386.99786,677.62805,-479.80753,378.06693,673.11536,665.4726,384.80447,671.8225,-461.8213,320.41534,796.64246,167.18782,317.54877,787.34094,-166.39574,343.52316,1013.7839,145.02534,358.68622,1048.6661,-240.45656,146.03455,1090.7219,168.50977,145.06784,1090.7778,-264.15024,114.777084,1073.9641,163.00467,108.18935,1062.6696,-263.04514,81.63365,1171.5437,68.6535,85.45097,1176.553,-341.09872
down18.jpg,438.78647,613.1681,46.711018,441.7456,591.85614,55.680397,440.31674,590.0052,55.672726,439.02765,588.1463,55.597202,440.9278,592.2476,2.7180998,438.53384,589.68146,2.5856545,436.06903,587.2077,2.3712392,416.3972,575.6109,116.57329,411.05106,574.72424,-119.42189,417.48914,617.58875,75.38968,415.5062,616.3202,7.502044,343.63538,618.6807,226.9325,326.0053,611.69666,-202.96005,322.84457,632.42004,480.32785,222.84937,646.04175,-254.07404,396.52267,656.62836,729.65845,180.97748,700.9101,-240.61818,416.39874,664.5993,760.1844,161.67287,713.8717,-259.32712,418.3314,662.4884,738.9159,176.45032,717.1943,-268.29285,410.66644,661.4108,718.92084,182.95094,712.5268,-241.77168,223.00763,846.4525,138.45413,204.66504,841.77954,-137.70488,245.5813,1024.7395,123.39586,218.02898,1018.68524,-207.92274,96.907196,1051.7083,213.80077,65.577095,1058.8213,-127.63584,74.477455,1034.6249,219.43791,40.434536,1049.3547,-116.42706,52.424526,1113.598,204.19955,6.1562276,1111.9562,-127.9252
down19.jpg,189.3118,643.22363,-418.1551,202.9004,612.3566,-446.10327,212.40532,608.14,-446.1115,221.71915,603.7451,-446.27112,177.53664,617.2709,-444.40973,168.67241,615.92584,-443.84885,160.01318,615.0167,-443.73654,244.15262,575.647,-390.8358,154.1553,589.3139,-385.92648,209.59425,636.66986,-379.75186,182.0497,641.77136,-377.074,336.56085,584.41943,-245.34164,90.074844,597.3028,-259.58292,450.39893,596.701,-170.76062,3.8137364,618.36005,-103.07222,422.86197,669.8754,-180.77856,45.802322,719.03125,-22.191618,420.71033,689.7259,-175.23332,58.531918,746.9782,2.506726,404.5523,682.02203,-162.71173,63.33588,743.9503,-0.8347866,399.43448,677.1472,-172.65378,64.66559,737.8564,-13.7640505,303.5947,894.1281,9.196183,173.44258,903.49976,-8.835968,329.8106,1097.7621,88.056145,163.32385,1101.6442,102.12028,297.03754,1146.1134,563.46545,175.78354,1177.3116,572.36285,286.06137,1141.3857,609.10504,179.00177,1174.5468,615.90247,290.30652,1216.364,558.9453,191.32362,1259.3347,549.7671
down2.jpg,340.93674,506.23773,-431.3708,356.66605,477.03375,-448.76743,364.9342,474.00677,-448.71765,373.39087,470.91608,-448.76794,333.0321,478.71515,-457.0526,324.33978,476.20966,-456.9364,315.70792,474.03296,-456.79016,388.02676,442.9877,-367.67795,306.056,445.38712,-410.09985,352.50928,502.26215,-384.20212,327.77078,503.64514,-394.9104,459.16904,461.20834,-259.61356,214.07826,452.43982,-292.9803,530.8512,512.1659,-189.5092,121.78525,476.16736,-124.314575,510.3347,570.65125,-243.06828,147.89326,582.8925,18.233936,509.67603,585.6876,-252.41396,154.14627,609.34155,49.97427,499.48895,578.65967,-250.99397,163.42928,605.68536,38.0386,491.6678,578.55383,-239.30482,166.10986,599.73474,24.446272,393.73077,766.29614,23.787317,256.91113,764.13446,-23.98103,403.1632,1002.4398,50.510185,236.16612,1018.41345,-14.303288,384.59677,1002.453,607.9467,269.0536,974.0118,597.4015,377.85782,990.766,667.75183,278.9849,954.50146,661.471,373.70923,1062.6056,694.77905,279.74152,1033.5085,722.1155
down22.jpg,210.40715,692.345,-439.38034,212.67197,672.5017,-462.46704,217.4925,669.29205,-462.1987,222.3975,665.98083,-462.2318,199.67302,677.90784,-448.32895,195.02527,678.22314,-448.2766,190.46056,678.83594,-448.37106,233.80228,648.7769,-409.0949,188.20667,665.6874,-344.09256,224.25574,688.1969,-404.86908,209.63667,693.6433,-384.8818,297.86282,643.13446,-255.82758,163.8616,692.8113,-193.15263,363.1104,642.08057,-102.21835,147.35025,728.00635,82.10239,361.501,730.6418,43.71518,157.39084,770.5713,234.23703,365.1207,754.61804,57.30114,157.11765,783.14825,253.11612,351.0062,752.318,45.84346,156.63423,779.9675,243.29312,349.29837,744.562,46.344017,161.45699,775.4127,236.2845,313.58893,840.38605,-11.129613,244.43683,864.453,11.552116,330.072,959.3885,181.27548,269.3429,982.992,103.393135,327.9289,992.7831,625.234,264.69345,1067.7723,482.9299,323.78162,989.32935,671.8935,266.8523,1074.2168,519.36487,332.92276,1043.0593,650.9551,263.83456,1121.2843,460.60126
down23.jpg,164.10263,726.3352,-310.65466,165.39757,707.1628,-328.17734,169.32747,703.69745,-328.06317,173.29291,700.14966,-328.12595,156.96715,712.51514,-296.35437,154.26324,713.30634,-296.31213,151.60168,714.3413,-296.42532,189.85147,687.5963,-316.1281,159.818,706.10205,-173.56142,182.35255,725.87646,-299.58688,171.41154,732.8176,-257.20874,263.6696,699.31116,-265.16376,182.29747,750.7508,-17.37647,377.12598,692.52893,-158.99944,202.90486,774.9542,271.22885,400.9056,766.6636,45.14467,189.5751,801.97943,442.8139,413.59128,781.8256,55.657944,186.023,808.38354,462.60294,393.0248,784.2726,42.0675,179.17836,809.6422,440.9875,392.24023,779.9724,49.600845,185.09586,806.8356,436.1844,340.92743,889.73846,-80.474365,286.45157,910.48615,81.09059,369.02695,1017.6392,-7.2843122,304.22537,1032.6055,116.90444,374.2309,1094.8809,291.9458,342.60416,1096.5442,405.3094,384.4731,1103.4426,321.95975,361.61453,1100.7725,432.95197,347.94522,1143.8218,280.25824,321.93594,1148.0999,413.2648
down25.jpg,99.962326,609.3005,-251.54361,96.413635,591.7475,-290.7821,99.00969,587.81775,-290.77667,101.734726,583.68335,-290.86572,92.57027,596.94824,-247.17632,91.86184,597.586,-247.08755,91.261665,598.35657,-247.2713,121.489136,568.33856,-362.48383,107.30484,587.54663,-166.18692,122.836136,605.7467,-269.09756,117.447365,613.83673,-212.096,224.54102,590.4944,-351.7088,171.24026,621.0669,-47.263885,344.05054,563.1459,-297.18073,256.75375,632.8217,119.57498,364.84415,649.8043,-158.04471,302.64743,669.1942,189.2271,377.4798,671.07886,-159.81062,316.44882,683.29016,196.50824,359.03964,671.66376,-160.0888,311.0191,685.3209,174.92186,359.95377,662.5046,-148.98048,308.7789,678.804,178.55228,331.76544,809.03595,-115.899536,283.48016,811.36475,116.54748,375.00275,1013.21686,-136.17592,301.7999,998.99646,140.98204,456.83487,977.89703,60.934128,434.65802,976.582,296.28207,465.13165,954.37836,81.64831,449.60358,954.4387,312.56918,483.23535,1022.90314,76.00424,473.5866,1025.104,320.06516
down5.jpg,550.85834,381.8094,-19.966858,556.2829,363.89316,-3.2225075,555.2552,363.121,-3.1934543,554.41956,362.43866,-3.3090758,556.1836,360.38174,-50.93058,554.77466,356.0759,-51.048607,553.2747,351.78076,-51.213284,532.9287,343.6994,95.998375,530.4336,330.67352,-113.13946,527.9809,381.40732,21.938408,526.93,374.7387,-38.716827,449.5633,385.09473,199.72745,433.32498,335.97296,-176.72575,344.8543,433.5471,329.59198,311.82562,341.48126,-282.04913,322.5276,495.59546,370.3716,311.34622,469.7768,-294.18378,315.08005,515.35364,381.0679,297.40344,500.25336,-313.31668,319.99246,515.5249,356.60483,316.15192,512.3928,-286.88647,322.77454,506.09576,358.4089,318.3237,501.3164,-279.62967,288.77853,572.1972,124.70374,263.3246,552.21277,-124.03139,278.64316,750.29944,113.99717,266.35413,770.218,-170.84636,126.53305,793.58105,196.95276,137.03787,823.82446,-63.79668,99.45279,780.40796,201.91806,112.347435,808.7162,-49.633587,90.114265,858.5054,177.84167,96.71357,896.8666,-61.18286
down6.jpg,619.0091,303.95175,-408.9893,632.0665,277.52255,-411.77765,632.18353,275.43903,-411.87564,632.58777,273.42053,-411.7765,626.5425,277.04614,-460.2527,622.32434,273.1119,-460.2919,618.0414,269.43082,-460.42496,605.01294,252.78018,-329.88898,586.18805,247.29431,-550.44116,589.70264,308.02362,-367.60446,582.80615,303.98657,-431.6768,485.3583,278.55972,-195.63603,436.4245,302.84634,-512.2638,352.66443,286.46274,-48.705402,215.97426,321.58575,-512.01086,335.59695,301.79187,40.42405,162.88077,412.4443,-450.3938,330.47708,301.37744,59.906017,135.74219,434.53406,-483.4078,345.1975,310.08365,29.993536,169.41916,447.88977,-479.5021,342.69678,313.85416,31.605179,173.94919,440.2124,-444.9859,325.11612,602.6997,140.1559,284.3997,625.8277,-139.71451,309.83914,780.7134,414.48117,262.10617,867.4479,-72.45086,174.28697,791.0804,562.59705,86.74118,777.3716,181.9374,148.03427,778.0491,574.9502,67.920746,743.7039,206.12085,151.83936,849.26514,626.57574,31.74744,816.7468,254.69653
down7.jpg,342.66263,499.46716,-444.63812,358.64026,477.70825,-451.24243,365.13324,475.02173,-451.22464,371.81525,472.3311,-451.3489,338.10007,478.42026,-465.45956,330.4916,475.63278,-465.44287,322.95895,473.13156,-465.2444,381.70654,445.64642,-347.8565,310.77542,444.52136,-421.10608,347.45932,494.4355,-392.60913,327.33725,494.5791,-412.4857,431.1461,462.09686,-257.00604,214.32275,437.12366,-298.28583,501.88757,522.05884,-207.30446,113.378845,424.6016,-195.25668,487.77075,536.61487,-303.82123,123.531364,515.4594,-135.96909,488.36404,537.17993,-324.95258,122.651665,533.852,-120.11122,481.04575,528.61255,-328.9338,132.93935,537.15564,-129.31697,473.78088,533.37573,-306.1799,135.95639,535.9028,-134.75499,365.78845,736.2002,26.809715,246.49956,728.36707,-26.665066,378.58926,953.77936,41.882923,225.11981,967.7874,-55.858654,332.0907,910.1153,697.4349,240.73642,928.30194,569.65784,322.3885,890.5499,771.0176,246.23222,909.72217,635.4879,314.40244,954.96185,859.55927,246.43915,979.5898,700.36475
down8.jpg,40.84822,437.46454,-284.16623,33.106056,417.23364,-326.67908,36.35891,413.9252,-326.7041,39.723324,410.4239,-326.84113,27.549913,417.48566,-285.2242,26.055794,415.6636,-285.19406,24.671902,413.97644,-285.22363,59.161892,389.0995,-423.29385,39.383026,393.919,-236.01352,67.32789,432.88284,-311.80658,59.626064,436.31738,-257.3917,202.65303,403.89737,-429.2521,106.908195,413.27365,-143.25212,379.0557,393.83777,-416.83807,220.1201,434.2932,-80.553246,423.10803,499.47067,-308.24887,292.91846,510.49255,-155.92789,442.40964,521.2256,-327.95285,308.28076,531.1826,-164.73473,416.9079,527.4585,-326.37463,304.04797,536.3185,-192.30605,413.6871,514.85345,-300.90836,302.73016,526.26,-171.2946,345.05264,657.81616,-111.76049,279.51297,647.53345,112.70536,396.4236,883.06177,-48.85892,304.0781,859.41113,249.8852,436.9871,767.4924,163.29813,361.8539,817.0055,433.0747,428.5982,736.77014,182.5604,367.845,794.05225,451.74362,478.09607,787.8415,222.1775,375.43042,875.4042,524.3116
