pushupsup1.jpg,604.3564,485.28894,-81.647064,586.6126,470.82275,-130.28539,586.73334,467.149,-130.31577,586.8155,463.13446,-130.53717,586.3716,470.3769,-68.35261,586.5539,466.82678,-68.41955,587.04486,463.38834,-68.43941,598.1139,432.2026,-239.25227,597.21783,434.33472,44.6211,626.9859,472.12683,-110.35005,627.5097,472.39136,-27.89044,720.2425,409.5665,-354.08035,736.4051,410.9368,265.11218,749.64124,569.94403,-427.28503,775.9132,550.30817,354.41064,759.04724,738.2426,-362.65387,765.2267,673.8028,179.98929,723.186,757.47516,-427.02747,724.8093,669.8029,180.60744,718.259,745.42035,-369.58627,715.8825,682.24945,109.794785,732.23224,739.1448,-340.38312,732.5167,686.7853,145.87587,1029.7421,446.0316,-187.85443,1026.8986,445.046,187.50232,1244.4014,541.7002,-44.496723,1239.2577,529.024,286.66318,1460.4296,604.25543,107.27832,1445.536,580.1744,455.28934,1505.2584,593.8692,113.27357,1491.0167,575.0675,468.99786,1448.0499,686.34845,-24.035452,1439.676,656.97516,368.24576
pushupsup10.jpg,516.4976,546.74976,-629.2941,507.61002,536.04285,-667.88477,510.47482,533.05383,-667.8479,513.3323,529.935,-667.84656,501.83963,536.17645,-621.0348,500.90012,533.8912,-620.95996,500.16666,531.7596,-621.1448,532.4742,503.62177,-741.98926,515.095,508.20566,-523.0447,543.85187,532.7683,-648.8537,540.27106,534.3813,-583.842,681.2733,459.61554,-737.73456,559.3562,463.72794,-330.24023,783.9525,605.91895,-762.1162,586.6062,577.493,-127.46194,798.6093,752.2201,-811.9735,598.7021,704.4867,-226.01756,796.0288,785.7528,-932.9839,569.98584,726.3756,-292.79504,761.6545,778.8334,-918.6239,575.3978,731.43585,-371.8001,762.75543,766.9419,-816.3057,600.6032,722.4658,-263.91718,879.33887,451.6376,-144.382,815.3362,466.19315,144.6078,994.9324,491.36523,316.56714,941.4438,507.0264,569.6272,1084.3037,514.74915,836.5599,1022.7186,536.44037,1076.1101,1103.0035,506.03247,884.3016,1042.7346,526.35077,1127.3005,1083.5688,589.5181,802.6134,1027.4963,596.14526,1068.7343
pushupsup11.jpg,640.83704,491.48508,-828.68274,644.1942,477.0881,-855.924,649.397,474.35413,-855.84766,654.5714,471.5656,-855.821,630.3704,478.89175,-827.7963,625.5713,477.8707,-827.7132,621.0851,477.06302,-827.9729,668.75476,447.31763,-849.8203,621.941,456.8482,-723.5866,660.0988,481.7474,-813.75446,646.5412,485.204,-776.08386,767.28925,412.42776,-748.0568,607.22327,428.06772,-587.1441,835.9514,537.61884,-772.0418,587.2269,542.13007,-487.9759,832.27466,673.8054,-821.9853,573.21063,660.36993,-544.6312,839.13525,704.3718,-904.52405,546.6077,680.257,-596.17566,810.54315,695.3131,-915.9026,557.32336,683.51526,-648.6998,803.90155,685.67126,-835.3476,576.1029,675.49054,-568.99274,833.93054,421.077,-77.89611,761.36584,428.2921,77.95784,858.1207,494.3601,395.04605,779.7836,486.46985,559.9147,881.35675,495.9303,985.0622,826.8662,492.20966,1141.1399,883.6131,484.33875,1045.765,837.32684,481.08414,1202.3167,884.1399,542.26587,1045.6133,832.9451,533.7828,1206.2026
pushupsup12.jpg,849.60754,526.6377,-1297.7722,868.68066,513.61316,-1301.5204,874.5785,512.1295,-1301.6042,880.8775,510.8588,-1301.4705,850.12164,510.53473,-1320.5168,844.73615,507.21796,-1320.4985,839.2898,504.17822,-1320.5562,893.5411,488.6979,-1130.4172,835.03973,473.8656,-1222.3502,852.97864,520.3577,-1216.7064,837.83264,516.17535,-1242.3676,926.272,459.57312,-847.7664,739.1906,464.50046,-1028.469,950.6506,571.1235,-648.67065,662.37915,593.0084,-1030.4812,947.74225,722.36835,-708.4817,677.7052,751.9425,-1092.8478,970.8715,748.6661,-776.518,662.4556,783.78705,-1204.5024,951.62946,749.5081,-838.9147,706.6609,785.84735,-1212.5327,933.96136,744.72687,-734.92834,712.9955,773.0604,-1101.1182,813.0034,528.8631,66.93324,723.826,520.2592,-66.59228,798.4219,584.4444,721.76105,706.9744,559.9451,569.3828,761.61206,569.46704,1511.2096,697.329,549.71277,1338.2947,755.7023,552.4207,1597.1735,696.12805,532.9477,1419.5469,758.4113,609.50244,1566.1052,692.80273,601.2396,1374.5977
pushupsup13.jpg,1086.1119,542.87964,-802.69183,1099.3245,524.2494,-815.5571,1101.8884,518.2661,-815.585,1104.6312,512.8221,-815.70996,1088.2113,528.6327,-869.446,1084.3569,526.3755,-869.6227,1080.2334,524.2616,-869.6035,1098.524,473.17993,-727.52454,1068.2686,484.86606,-981.5243,1068.4852,520.4387,-748.0641,1063.0144,528.74164,-822.05005,1089.9072,404.85748,-529.9839,917.248,440.47903,-929.9177,1073.9335,544.6509,-234.37698,828.5383,621.2436,-991.0259,1081.9244,722.0353,-293.95032,838.8865,787.98267,-1035.7217,1111.1348,750.76874,-355.98965,838.77765,819.8889,-1139.918,1099.8376,756.1194,-439.83643,870.8214,805.04834,-1151.212,1073.1561,747.4333,-328.55096,872.8002,792.6746,-1048.4164,796.5924,434.73737,152.17491,715.3653,442.78076,-151.6926,738.57947,506.7525,822.7097,676.4789,516.7402,510.66852,647.83813,502.50882,1520.3601,602.53467,560.39996,1146.3538,618.29144,485.35355,1594.7236,574.7897,549.3532,1210.2484,677.298,575.662,1595.8423,631.68823,634.7787,1167.0846
pushupsup14.jpg,1342.296,556.28564,-313.99072,1366.5654,525.3263,-308.48535,1367.4696,519.1473,-308.21152,1368.4526,513.3625,-308.49753,1357.7542,527.6483,-374.4246,1353.6891,522.3588,-374.60382,1349.4583,517.0847,-374.49722,1342.5963,461.97256,-216.35329,1319.4667,468.45444,-507.98984,1303.4902,533.93054,-263.78674,1296.6389,537.40594,-348.59467,1210.7935,384.20175,-46.028294,1096.3558,452.32834,-520.1773,1159.6713,558.85364,173.74278,980.76654,681.54004,-470.07208,1164.399,739.2597,44.423004,1009.7407,887.4473,-407.65714,1223.9076,751.16095,-11.227201,1054.3914,928.094,-505.30466,1215.1665,767.7424,-100.31717,1088.6519,898.0822,-480.11353,1176.9052,768.9505,2.1935632,1069.1766,882.337,-404.04346,767.241,403.3911,159.49551,699.87476,426.0526,-159.34003,557.87933,513.275,513.6766,498.25085,517.013,220.29741,388.70624,552.47107,883.13336,315.76062,553.1399,555.79016,343.17792,530.7313,921.38245,268.09085,534.5064,582.5537,392.36072,667.63293,884.2222,337.15637,665.58185,500.37238
pushupsup15.jpg,1280.5779,509.85413,-4.4825616,1305.6301,488.5983,17.842691,1305.7526,483.50436,18.144066,1305.9824,478.5634,18.04199,1303.2048,490.5933,-56.940556,1302.7463,486.21133,-56.978302,1302.2241,481.96744,-57.18331,1292.3423,441.79688,129.93358,1288.5928,448.15216,-203.3282,1253.2251,495.48416,50.72755,1252.1606,496.16248,-46.37429,1129.0039,373.05603,357.08078,1151.9268,472.47125,-319.12723,1056.7909,540.1097,489.94595,1081.2771,649.8043,-326.57874,1062.8502,705.327,374.19794,1086.206,827.5482,-267.68152,1113.274,704.4196,372.96332,1140.4911,849.7811,-333.89563,1120.3982,720.9158,288.21582,1149.9154,830.29004,-270.34445,1101.3744,731.0896,334.317,1126.1428,821.06946,-240.32285,768.5316,428.77805,203.31107,764.28864,488.3956,-202.69606,523.7233,550.59045,380.26248,496.86517,605.6625,-67.49937,304.55096,629.8725,582.3809,241.285,660.90656,39.384514,248.7576,628.9211,598.388,179.22249,654.1927,30.348934,333.03473,744.7538,515.7288,284.2993,779.01135,-130.72934
pushupsup16.jpg,1207.8734,453.90598,119.30374,1221.666,437.85342,147.23679,1221.0736,436.0419,147.3839,1220.7034,434.3866,147.1825,1221.5272,435.91058,79.89253,1221.045,431.83844,79.979836,1220.4805,427.82855,79.94344,1206.1941,412.50702,251.15828,1205.6572,405.86993,-44.848045,1185.2726,451.2502,164.98204,1185.1559,446.92755,79.281456,1070.5492,390.5926,409.51694,1123.529,414.04498,-248.38263,991.7727,492.69214,592.2681,1087.4935,561.52856,-381.87308,1008.3206,610.2192,562.74896,1142.1439,684.36664,-314.3145,1018.9652,632.8948,592.793,1160.4216,706.4273,-346.54556,1029.2083,642.81036,529.1942,1169.1884,699.11847,-321.51514,1021.4532,637.1929,537.04736,1156.3672,690.5456,-298.61075,812.98737,443.6609,201.1511,825.44464,456.5348,-200.35275,596.2706,555.9311,194.92712,600.0439,582.5033,-206.01056,389.17972,640.4635,286.81683,369.42694,669.03625,-192.77522,345.50015,636.6033,288.93347,322.36188,659.63324,-201.71646,384.63748,734.4658,197.86978,362.04977,776.6137,-337.02118
pushupsup17.jpg,1096.6903,422.6111,410.3132,1103.4147,409.31445,444.02368,1100.9718,407.71954,444.052,1098.8004,406.2523,443.77417,1109.3162,407.82785,384.59207,1111.0145,404.67715,384.55713,1112.5916,401.52734,384.4696,1086.5398,384.7359,548.5709,1103.9182,378.99875,281.76312,1077.3147,415.47437,450.13196,1083.1903,412.331,372.27576,979.6394,388.66125,602.37354,1062.3943,356.97565,78.96758,933.99774,490.8113,688.5029,1056.8651,495.85693,-21.261244,951.32434,574.0075,611.05536,1090.7449,610.9824,85.77471,956.8766,594.59424,621.9888,1103.1609,637.30426,74.7173,968.14136,596.5433,580.4123,1105.0795,630.8163,95.485695,964.4529,587.25946,589.6817,1094.7633,622.4843,102.719864,804.73956,434.34836,145.06805,831.3522,412.2634,-144.56656,639.6428,533.7865,-59.64057,649.16766,541.9007,-287.25446,441.30933,607.0542,-184.88458,455.88757,633.7683,-468.66757,403.85733,605.9529,-204.00409,419.51004,627.35455,-489.60413,423.12103,667.6384,-308.28748,433.66495,713.01416,-612.64075
pushupsup2.jpg,675.6665,444.52008,-4.9555264,658.29596,432.24432,-49.89825,658.0402,429.17636,-49.913277,657.7125,425.7902,-50.04188,657.9697,431.09244,7.883044,657.57697,427.5669,7.7666883,657.4718,424.0957,7.782014,663.42694,399.34625,-161.8146,662.5134,398.02994,103.60085,693.6605,433.6503,-35.661865,693.3805,432.74078,41.43021,754.3928,376.44977,-281.494,788.7336,372.97556,299.90445,773.10754,524.4676,-349.51285,839.29565,494.36392,384.20273,785.51196,672.6199,-259.51895,831.4371,601.5173,217.52646,758.0952,693.69037,-305.82224,798.90063,601.7475,224.22829,755.28955,684.819,-255.8056,788.26807,614.2177,165.58322,766.73663,676.8721,-238.24814,800.4303,616.7651,189.17007,1037.2578,405.61554,-175.09486,1044.5885,402.2279,174.84561,1237.0184,493.92603,-85.393875,1239.4032,482.41788,237.74974,1444.7135,547.8463,25.14318,1435.2875,527.7814,367.5484,1487.3079,537.29193,28.189,1477.765,519.7139,376.8546,1437.8542,629.3119,-95.95946,1435.6162,605.3045,289.91812
pushupsup20.jpg,341.77255,1008.2206,205.85155,349.85864,1011.0392,241.3165,355.02887,1009.9846,242.04256,359.94,1008.965,241.92854,339.60068,1012.6388,192.69173,337.60312,1012.9255,193.20447,336.1037,1013.1254,192.8046,375.10022,1004.9612,348.8768,345.27203,1010.5805,115.156235,356.20108,1003.14294,243.79633,345.5675,1003.96063,176.54181,415.233,970.1603,463.2772,373.70255,1009.2839,-70.21347,294.12555,1005.14636,620.815,268.99042,1017.202,-92.58432,221.61226,1023.31616,596.0614,172.63411,1059.0435,48.76958,192.95123,1027.8458,615.2703,141.66344,1064.3219,49.729805,203.3364,1032.8652,586.2094,145.22234,1073.9711,97.75435,214.95618,1028.1439,578.353,155.9792,1069.9558,77.26877,626.5425,897.55865,203.76521,612.4761,913.32635,-204.37569,865.68604,888.9376,169.44423,759.7518,968.4757,-334.62067,919.33167,1008.7241,301.16736,782.868,1103.9159,-368.6578,896.578,1030.6202,312.26428,766.84393,1123.0826,-363.2826,1009.2359,1075.7715,220.82515,847.9739,1185.5955,-471.46036
pushupsup21.jpg,853.73505,978.0607,-59.11478,871.6893,964.25616,-38.89987,872.61725,960.1713,-38.765278,873.618,956.17993,-38.78777,869.6169,967.4614,-96.33043,869.6412,965.13965,-96.282135,869.60333,962.88916,-96.47297,868.7408,927.95355,48.140244,863.6352,937.6927,-203.42479,837.00665,964.62524,-18.58309,835.4765,966.9878,-91.6132,754.4879,882.4556,217.21448,775.99554,941.3146,-326.39374,703.17596,1015.31836,311.75363,738.22894,1092.7601,-366.1335,701.28754,1120.2065,201.48262,747.69806,1220.9894,-288.19788,716.2889,1127.4319,206.20491,767.9541,1241.7681,-345.70245,722.4773,1141.5397,142.63983,772.4023,1232.6716,-310.95224,716.7286,1144.379,173.86996,762.7207,1224.9124,-272.7937,478.4809,930.4818,156.77473,478.6276,956.25635,-156.15807,273.0216,994.8264,248.84467,287.32315,1026.005,-62.22861,75.36468,1040.6102,425.43,67.71346,1084.2593,83.92856,37.65638,1037.7852,433.96942,20.478119,1072.8469,87.86366,64.7795,1085.7583,344.0429,68.52514,1148.999,-23.91666
pushupsup22.jpg,833.4775,968.7518,342.74792,849.0058,952.5634,350.88113,847.79016,947.5836,350.9727,846.7352,942.68365,350.65543,853.1987,959.8648,295.048,855.1981,959.652,295.3074,857.1355,959.39264,295.29794,840.0519,918.2927,362.68658,854.8218,941.2998,108.07928,817.0093,957.5229,356.3857,821.8867,964.4369,282.76636,730.7022,872.21674,447.38257,799.0726,954.4612,-84.90756,657.4241,981.41284,585.11566,773.8737,1102.2847,-95.569756,663.6118,1092.7219,586.6588,786.0721,1196.7983,119.477135,676.69635,1109.9287,637.44904,799.0706,1217.8041,103.39933,682.187,1126.9056,587.834,800.8453,1210.9695,138.03426,678.2112,1124.1606,569.6505,792.5098,1201.4156,141.2482,484.8351,973.75684,163.12549,504.97574,1016.6667,-162.66301,287.33133,1083.7047,165.31244,303.6521,1133.1371,-125.06597,83.10814,1166.9369,186.2311,94.39105,1221.2828,-110.92954,48.129387,1166.7483,181.9069,55.630196,1211.4521,-116.34969,66.06593,1224.4258,102.43711,88.160645,1320.1758,-206.54715
pushupsup23.jpg,859.5303,954.7209,368.6353,872.98535,939.73474,376.0233,871.5809,935.31604,376.137,870.34204,930.963,375.93423,877.42737,946.5403,322.844,879.37354,946.4472,323.09857,881.2383,946.2926,323.0688,861.78827,908.9454,381.89478,877.12573,930.5546,138.93423,842.6442,945.2171,379.04938,847.5174,951.0182,309.14957,756.3489,866.8024,450.30905,821.2782,948.8241,-62.54142,674.25085,969.54846,570.5242,792.32874,1087.2833,-54.76396,655.61957,1087.4163,544.4101,794.07715,1172.0042,198.63525,660.0765,1108.831,578.683,802.83026,1193.0577,194.27356,663.3557,1123.4812,537.5985,801.78534,1184.0175,219.78893,661.70404,1118.876,529.7205,794.6981,1173.3119,217.67499,508.69666,957.52966,167.03995,525.2569,1003.0625,-166.56615,311.3036,1063.494,156.73491,329.604,1114.0348,-148.17503,119.41088,1150.2947,137.25714,136.32709,1199.66,-151.59329,84.914894,1149.2954,128.84306,100.50787,1192.1595,-158.6834,105.52762,1217.6113,55.960224,129.25539,1289.5885,-249.10408
pushupsup24.jpg,399.86856,1113.5917,185.93814,395.69006,1117.4503,215.39444,398.19977,1116.4579,215.62112,400.52142,1115.2698,215.38995,391.82004,1122.1337,174.7608,390.94275,1124.5822,174.93327,390.2287,1126.8478,174.72171,413.24646,1111.0098,307.73083,400.77536,1127.7354,121.41044,417.37106,1104.0833,220.45547,412.36166,1110.9314,167.5421,472.67007,1067.0582,367.2561,456.32983,1110.4677,-38.637325,355.3691,1113.6511,419.28015,343.5192,1155.6516,-120.568634,280.63788,1172.0245,334.006,262.82593,1216.84,-75.63196,264.01065,1190.185,329.299,245.46259,1229.1823,-95.45189,266.22928,1194.0168,312.65088,249.06116,1236.5984,-76.981544,268.64774,1186.9889,318.5514,256.02252,1231.4183,-65.17644,666.54126,954.6093,135.4014,650.6802,987.37555,-134.72025,872.2197,910.92365,67.608,767.9183,990.4766,-222.86333,943.34045,1033.679,241.01407,843.7869,1060.3062,-127.1411,938.93243,1051.1927,261.35016,847.62274,1065.5023,-114.774345,992.6484,1080.7126,223.13882,892.4402,1103.5576,-169.30627
pushupsup25.jpg,1020.0157,1078.6102,-26.811487,1040.7605,1067.8899,-10.963894,1041.7742,1063.5321,-10.725266,1042.8717,1059.2635,-10.7181425,1037.358,1070.916,-66.83736,1037.1152,1068.7429,-66.57916,1036.7924,1066.7308,-66.65531,1036.4539,1034.2986,68.706406,1029.4991,1044.8667,-181.21967,1002.46313,1066.5205,13.988443,1000.16785,1068.4523,-58.535686,915.8958,974.7022,264.42764,935.31006,1063.708,-297.82114,908.21857,1122.7898,367.2772,919.0421,1223.4857,-329.7106,919.1729,1258.3375,259.35034,941.5088,1379.5352,-275.6406,953.8295,1261.253,269.32526,977.0874,1401.867,-334.40552,952.61456,1280.5497,190.37895,981.4365,1386.4999,-285.25565,940.147,1288.8584,224.46446,965.89526,1378.1993,-252.91684,613.7342,1075.3231,175.23386,611.52856,1129.392,-175.13411,398.61658,1179.4269,340.92447,401.13696,1243.8945,-40.312748,195.51505,1261.8666,518.50226,171.69359,1321.4774,74.71111,150.67487,1265.0552,531.4985,119.63136,1317.4578,74.40422,205.37088,1327.8085,458.7463,196.97032,1403.4875,-39.173676
pushupsup26.jpg,978.2672,1016.19025,176.68822,991.194,1000.8578,190.48634,991.4186,995.79126,190.76338,991.6784,990.90967,190.63268,992.0676,1010.1322,148.66718,993.4308,1011.74927,148.79195,994.55664,1013.31274,148.69215,991.5118,975.76953,244.60863,995.48566,1007.22986,55.157547,968.4518,1011.7979,202.15887,969.6412,1021.57825,147.76051,915.22833,965.6208,381.30704,946.8191,1049.1865,-74.53403,915.2993,1090.9131,600.8437,949.4058,1198.0967,-129.0787,911.34076,1205.5222,696.2496,946.6177,1326.3298,-121.42038,922.54346,1221.6124,736.0118,958.8589,1358.3295,-153.61882,919.3522,1237.558,703.20776,964.94617,1350.0227,-117.352585,915.239,1237.3215,685.11694,959.35645,1341.5099,-101.867134,671.62384,982.40344,157.03773,686.61676,1017.6218,-156.71498,498.3088,1056.5258,326.64523,487.996,1089.7047,-1.4394221,316.90665,1115.3635,535.6272,307.9593,1139.4454,185.45935,281.2886,1111.3558,550.53424,277.95963,1130.1176,201.81343,301.77808,1182.3077,473.51248,278.949,1200.2433,116.3443
pushupsup27.jpg,928.4705,1103.3312,-383.91254,944.52405,1081.2233,-386.31012,945.78534,1074.9368,-386.09467,947.0042,1069.1229,-386.20416,935.8288,1089.6332,-444.99557,931.7683,1088.8428,-445.00885,927.50653,1088.1365,-445.1613,927.6044,1033.0302,-304.5386,902.85626,1058.7532,-567.2126,903.96155,1086.6252,-335.50192,897.0412,1094.3357,-410.1993,851.0659,945.68884,-107.09294,745.7073,1066.8313,-605.69995,848.2042,1054.5201,201.02547,664.2508,1216.438,-574.6962,870.702,1212.3931,261.18274,693.0662,1346.1605,-477.56485,902.5132,1228.459,244.733,706.9487,1374.2623,-556.8511,898.97675,1238.5623,166.40138,734.9667,1356.2,-533.8165,878.19257,1239.75,230.52249,729.4061,1344.691,-466.91754,523.5375,962.3597,173.95444,463.0779,1019.8199,-174.14171,404.10837,1048.8987,766.26544,321.9812,1061.6616,385.97632,277.47983,1065.4305,1413.0743,168.7021,1077.6508,959.69055,241.9533,1050.9089,1481.4049,128.5027,1056.4708,1020.0957,292.28195,1135.5867,1494.113,182.3018,1153.1525,990.48914
pushupsup28.jpg,697.53925,812.638,945.27814,700.768,801.94934,934.92755,696.4805,797.3305,935.28796,692.4605,792.7303,934.88586,712.4221,811.96704,902.79266,716.3827,814.3285,902.82886,720.01556,816.5046,902.80273,680.48627,783.4107,808.44086,717.1942,814.17255,663.8656,682.60803,808.1598,898.43634,693.9039,817.0204,856.19226,564.3299,771.93536,682.7395,724.69196,839.2281,391.55096,486.5242,899.4017,733.70764,749.5224,987.7839,280.0697,457.49387,1033.0157,845.1834,800.9055,1138.626,255.9483,451.55853,1054.791,897.789,822.9652,1179.9752,243.63455,457.8151,1070.9629,888.985,816.2299,1173.5626,291.67535,466.92856,1066.3141,844.29767,800.7967,1157.475,282.66348,427.43527,943.6718,101.562996,529.95013,983.10724,-100.63859,269.18115,1129.3234,-2.5218666,382.5653,1204.6796,-226.6191,105.91859,1315.7135,-296.86728,196.57922,1357.1,-733.0186,79.971855,1342.4395,-333.3984,148.51692,1366.893,-786.2126,92.22201,1357.7312,-373.14102,210.63449,1442.7393,-826.4555
pushupsup29.jpg,112.00371,1002.63116,377.75568,94.7023,988.6883,328.003,93.90581,987.02783,328.12283,93.04994,985.01,328.05496,99.30771,986.7239,382.4114,101.041595,984.52423,382.3577,103.068985,982.2503,382.45737,103.42561,971.9491,155.50156,116.39594,966.17365,408.2023,129.16942,1002.0622,326.30322,132.73848,1002.3574,400.2564,161.84344,1007.3478,-58.49843,245.29161,942.52716,515.83734,155.89854,1153.4583,-198.35425,295.05936,1058.9182,666.8687,122.70781,1278.5864,-165.58092,285.36746,1190.0254,611.9565,117.673615,1311.1364,-209.4989,286.68774,1216.0308,646.98096,111.439445,1304.0146,-165.70113,275.7247,1220.283,583.33673,120.204056,1287.2701,-142.9641,274.53528,1218.9358,588.0937,463.34683,1082.507,-177.22142,499.07925,1034.9706,177.60173,676.6157,1222.3889,-178.88596,710.5695,1159.6581,134.15482,908.97675,1349.0717,-225.35835,933.6534,1290.0864,110.26768,957.68225,1354.0536,-240.81787,980.8653,1309.6438,99.609726,905.3516,1436.3798,-358.1061,937.3208,1335.8839,18.43448
pushupsup3.jpg,706.78033,475.41177,294.3899,686.4383,463.18546,251.11356,685.0834,459.7382,251.19978,683.65424,455.95395,251.0839,690.07227,463.4635,314.74088,691.0806,461.05035,314.49448,692.33435,458.58603,314.51132,686.75287,433.09818,102.22707,697.3082,436.224,396.17664,720.4847,466.04373,248.129,724.5094,467.81546,334.2134,740.48413,413.8094,-102.5887,823.5036,404.32227,529.93475,754.0483,540.49274,-270.1723,906.5104,497.60175,702.7844,760.46124,678.7891,-270.53137,901.86273,622.8435,665.6732,757.286,705.6682,-306.58966,894.99725,635.8662,701.93756,754.7218,701.7121,-266.0848,878.9566,648.0939,648.6979,760.7573,688.4299,-251.0581,878.2601,648.1998,643.69727,1020.2201,455.41327,-191.91406,1051.186,440.33313,192.11041,1214.1534,547.98926,-290.365,1228.4745,522.44995,115.65388,1415.4524,598.0914,-383.99945,1412.3114,579.5025,127.9456,1452.2654,586.71204,-400.3701,1451.3757,576.14886,121.704155,1438.4495,679.80286,-540.712,1424.5359,646.7461,25.042002
pushupsup30.jpg,142.9336,1032.5839,400.62903,122.174446,1020.8126,350.11725,120.7014,1019.3981,350.14532,119.1355,1017.6171,350.06787,127.24701,1018.23224,403.33228,128.74612,1016.10455,403.25214,130.56084,1013.87616,403.27368,124.92086,1003.25183,167.0598,139.91478,997.0261,414.7429,156.97334,1030.4219,344.94104,161.08958,1030.0382,417.01422,176.75482,1018.96796,-57.986233,258.93265,970.8197,504.92618,165.67828,1155.1953,-173.87123,315.6509,1090.633,653.3364,144.66928,1284.0737,-107.06265,300.4413,1217.4822,615.79333,139.98672,1317.2102,-140.14503,297.7243,1237.8441,649.69293,135.33403,1312.2406,-97.06255,282.31296,1246.7549,590.68964,143.02032,1296.9133,-84.58879,282.68405,1244.762,593.96313,481.73462,1101.1404,-181.35399,507.40656,1054.8232,181.75908,691.0369,1220.2921,-174.39046,675.25653,1189.7733,200.83015,902.2573,1330.0028,-218.33846,846.87006,1315.459,230.89145,942.58246,1331.5852,-228.3474,884.78613,1327.1052,228.13556,916.48456,1416.323,-323.39716,856.7212,1383.0342,175.04317
pushupsup31.jpg,141.1015,1021.1332,193.7559,120.91338,1009.885,143.7629,119.88615,1007.38153,143.84906,118.84276,1004.5173,143.83925,124.23693,1008.8625,205.78938,125.29326,1006.5627,205.71501,126.64654,1004.09296,205.7209,124.33619,985.73785,-22.55978,134.99484,982.6324,264.61926,157.08246,1014.5292,145.76164,160.18314,1015.17645,229.41875,183.9062,997.09863,-204.76273,259.76907,940.7799,399.69818,197.88165,1129.594,-287.9063,334.61655,1052.3254,495.31277,170.00827,1266.8967,-211.39697,345.8264,1177.6621,358.5748,159.7278,1296.758,-261.1607,344.24173,1193.6326,383.1415,152.01491,1291.0227,-212.51704,329.7205,1200.9609,319.20032,161.3388,1275.519,-185.99321,328.26538,1200.8263,331.8072,475.59827,1078.4224,-181.51181,507.6527,1031.9907,181.90857,683.2777,1199.1365,-143.5207,700.6204,1153.7397,211.93118,892.073,1287.3848,-134.26598,899.2833,1249.778,284.50092,934.4331,1288.5709,-141.03091,938.84485,1258.7606,285.82465,893.5272,1361.0233,-261.31317,910.0517,1297.4604,205.61615
pushupsup32.jpg,90.053314,1003.2677,581.6976,73.576584,989.71204,532.80597,72.43561,988.79095,533.0297,71.16302,987.5259,532.92566,80.341995,986.56165,585.509,83.12868,984.00433,585.4583,86.22711,981.35046,585.4573,82.12983,976.38477,339.4007,101.70692,967.2274,584.1559,104.59814,1004.81165,520.58844,110.45753,1004.03723,591.547,130.61674,1010.645,88.39541,228.01779,953.80237,653.74725,134.57414,1157.7036,-21.639599,268.9917,1076.8887,790.0387,112.20262,1272.9131,36.030304,251.53116,1209.2421,740.7206,102.56807,1299.2844,4.6980543,248.18669,1227.8763,781.74384,103.362045,1282.3922,49.499336,237.95003,1241.1912,724.65894,113.19863,1267.365,58.241207,235.43922,1242.3049,718.0848,419.69327,1068.5769,-184.51775,465.56323,1020.80396,184.78358,639.6238,1163.3793,-316.34918,663.5457,1127.6277,104.292915,874.7042,1256.3704,-512.2446,882.7051,1224.9071,58.502106,916.133,1252.2369,-544.0757,926.16986,1236.5922,45.491714,893.8886,1352.564,-667.67316,887.0474,1290.8325,-19.426577
pushupsup33.jpg,138.2381,1038.5127,241.06444,117.978806,1029.0089,189.94582,116.91289,1027.2245,190.03235,115.7758,1025.1217,189.96094,120.892555,1026.181,250.0121,121.582664,1023.4276,249.98059,122.57459,1020.52734,249.94109,118.16926,1008.29395,22.315487,127.18817,1000.6343,299.21146,150.84535,1034.1671,192.99725,153.72183,1032.4711,273.6422,166.9815,1021.36896,-166.657,238.43082,952.8494,449.48566,181.25365,1161.6846,-238.47281,297.13925,1067.8281,578.7958,172.67459,1289.5106,-149.29134,292.86765,1188.6095,498.11816,164.13095,1315.0133,-185.42717,285.53204,1199.3973,528.781,159.63536,1307.3442,-139.44444,273.43924,1210.4722,470.1247,168.95518,1294.4696,-124.372406,275.17053,1212.535,474.502,452.83926,1071.5668,-201.12543,483.28235,1017.3553,201.38916,652.35846,1141.6257,-167.51736,658.5245,1108.0093,240.48163,857.9161,1204.8087,-142.21649,835.8262,1183.6655,337.5596,895.32477,1197.6438,-146.85347,872.16187,1185.74,342.0629,869.7586,1283.0072,-254.31592,840.9937,1244.197,275.04208
pushupsup34.jpg,142.07231,1056.8474,319.24194,124.6287,1045.3372,268.62805,123.865524,1045.1937,268.75723,122.99521,1044.7224,268.74872,128.3682,1039.5486,318.69272,129.69627,1036.0802,318.60583,131.33186,1032.5022,318.57635,130.81586,1033.5446,96.58764,141.51935,1016.0115,326.7232,156.3896,1058.8049,268.97498,159.43227,1054.1542,336.08075,186.31302,1064.4722,-90.48914,259.50342,987.3455,451.90372,193.31355,1189.514,-165.31828,307.4309,1097.5199,631.24146,182.95532,1299.3608,-94.71199,291.99423,1218.3441,642.1576,171.5528,1323.0421,-127.99858,281.84222,1231.326,683.9435,169.21819,1312.3319,-80.31584,271.96918,1241.266,625.4877,178.95969,1299.2924,-70.18644,274.76233,1243.2396,621.2352,460.94315,1094.044,-171.69458,492.21973,1039.4504,172.04573,656.2456,1170.9971,-165.5421,676.37305,1139.3252,144.8298,870.2418,1241.0673,-199.26984,867.8622,1227.1058,161.03468,909.5284,1235.7563,-210.28566,905.69257,1235.9236,158.2937,880.5697,1317.9131,-302.87234,874.9705,1273.4478,97.90427
pushupsup35.jpg,66.29948,1086.6466,189.36067,47.789177,1069.7869,136.21222,47.67327,1067.746,136.26414,47.483856,1065.3379,136.29115,49.986935,1066.9274,201.47836,50.934475,1063.8519,201.42532,52.19953,1060.726,201.36429,58.829727,1049.1672,-30.085777,64.94072,1041.2446,269.05414,86.90167,1086.4836,143.00702,87.88867,1085.5464,230.18419,132.97,1088.7194,-213.54019,208.68225,1023.92163,454.75168,152.96584,1254.9729,-273.20276,272.83786,1152.1592,627.80054,131.0129,1392.8135,-143.66077,237.60878,1276.9819,576.4937,115.46144,1420.7661,-180.17834,219.03017,1288.948,617.30383,108.86063,1413.205,-126.5753,202.96808,1300.3092,553.185,120.511536,1398.9683,-114.988655,209.32088,1302.5369,551.21173,448.29492,1159.3217,-204.71736,481.61487,1112.2314,204.94046,667.8407,1255.7042,-122.71368,698.074,1215.6914,273.211,900.16736,1337.5347,-16.694899,914.2947,1298.859,391.7425,946.43604,1335.5729,-15.216516,957.51245,1303.554,398.62848,901.4869,1418.5052,-135.66745,922.84204,1355.7567,323.53128
pushupsup36.jpg,697.67053,822.67786,-598.1565,720.5921,812.9762,-623.1538,728.36224,808.0048,-623.19196,735.901,803.2488,-623.61096,699.4127,815.1666,-649.83276,692.5103,812.56604,-650.2173,685.35583,809.8786,-650.43036,742.99347,755.4531,-607.318,675.536,766.53827,-734.137,693.151,789.0478,-574.3832,672.94727,795.51416,-610.9145,793.5736,641.79535,-501.00238,532.5331,672.9023,-662.4478,831.061,820.4013,-268.2813,411.59183,843.0672,-620.932,808.6861,990.54016,-274.6135,379.1656,1047.3257,-658.5284,845.67896,1028.8005,-317.76044,366.26166,1098.2697,-755.1166,809.71326,1039.4767,-389.22537,413.93112,1098.1847,-768.04443,778.1621,1023.35034,-300.59235,423.98206,1079.2959,-672.0062,537.8804,474.81128,61.29163,416.50906,494.23627,-61.774734,577.5473,543.8882,542.5985,441.10458,605.243,380.87473,569.0818,540.6879,1172.4574,433.2228,614.23816,986.352,560.768,525.83685,1241.5154,428.64856,592.55493,1046.9724,601.42535,607.53033,1235.002,478.29507,697.6022,1010.5746
pushupsup38.jpg,1015.72626,949.73364,440.39935,1027.2133,934.24585,463.9142,1026.5958,927.6018,464.22504,1026.2732,921.055,463.9336,1029.5951,943.9192,400.6214,1031.5432,943.9633,400.77588,1033.3203,943.9846,400.97913,1016.9693,891.6934,484.83505,1027.5364,922.8283,198.6796,998.3691,935.3673,454.34293,1002.1829,943.31055,370.4837,894.147,821.4225,533.52356,976.24304,946.3818,-60.810547,786.6569,970.12573,732.4265,944.19604,1130.5391,-181.63226,777.3043,1127.94,856.26263,966.293,1288.852,-158.35577,786.54224,1157.7411,926.46625,981.16504,1330.3384,-197.7692,788.9364,1176.2799,883.8746,988.06836,1316.2446,-148.43985,788.51526,1171.4943,844.48425,978.49316,1300.3038,-132.65959,581.16675,951.28076,190.342,606.10266,1006.99414,-188.46425,327.66452,1106.8317,254.80965,325.29852,1148.5636,-104.90796,69.64864,1236.3286,299.26422,67.25365,1262.0557,-97.03419,27.219872,1244.8209,295.26407,24.586243,1254.8153,-99.78488,46.804077,1305.3867,209.19405,32.97817,1348.2058,-201.34265
pushupsup39.jpg,723.26465,877.6953,959.7751,724.526,863.6114,955.6552,719.54877,858.58215,955.95953,714.8298,853.5126,955.54816,736.8107,873.9963,910.47375,740.5213,875.91345,910.48566,743.89136,877.63324,910.5041,697.24677,841.4227,854.36096,735.33105,872.2132,650.86536,703.479,873.38245,922.72815,715.28217,882.5835,863.6705,572.8889,831.4028,758.66705,727.39154,899.7001,361.13116,498.77838,952.07733,861.5579,767.2695,1057.8065,244.83258,481.14655,1077.1278,1014.4114,804.076,1208.14,220.29282,478.38196,1097.9822,1077.6279,820.44354,1245.9785,198.77545,485.72418,1110.3353,1066.7935,815.6724,1242.0237,245.86084,493.16458,1105.8186,1013.59644,803.0722,1227.38,246.5108,423.9903,1006.27313,136.62737,513.2982,1045.7961,-135.8049,269.84366,1203.2998,42.64596,369.8657,1269.7372,-352.48233,103.88456,1391.4038,-236.55322,186.78568,1446.8954,-816.0554,74.434135,1414.0184,-272.3516,140.2689,1458.0771,-863.5452,95.72219,1452.5818,-333.24353,201.90337,1543.6863,-925.59375
pushupsup4.jpg,1178.7332,577.7611,-706.515,1176.9332,584.9658,-740.09845,1175.0502,585.8603,-739.6642,1173.1654,587.04205,-739.56757,1177.7853,584.8012,-697.3209,1177.4171,585.2585,-697.11707,1176.7153,585.48535,-697.1483,1154.9204,593.4517,-761.6976,1160.545,591.26447,-555.6864,1163.0574,577.09106,-704.68524,1163.9487,575.87384,-644.3935,1103.3903,590.0423,-784.09564,1131.7461,589.465,-383.987,1223.7208,632.16327,-914.5474,1228.1581,641.3397,-269.15842,1307.71,688.3324,-986.1184,1318.2762,678.29156,-372.27155,1331.1434,703.2962,-1081.1326,1340.9468,698.0229,-414.64044,1331.0085,707.4457,-1075.5355,1344.6115,694.3066,-450.23346,1322.3058,699.9287,-993.5693,1334.8174,685.65796,-396.7507,940.7826,507.97427,-141.79294,952.99854,505.32892,141.88545,795.8877,504.96732,90.48572,828.0851,490.99606,496.64304,780.8053,686.90717,464.0717,785.7684,608.35895,869.6557,794.4168,717.6369,508.81335,793.5491,633.1906,911.01385,726.9135,724.3918,504.14584,732.175,621.03314,937.80194
pushupsup41.jpg,887.1006,1028.4402,-370.847,907.10144,1007.3882,-356.49323,909.3763,1001.1484,-356.4451,911.6572,995.29175,-356.77213,897.0507,1013.7969,-423.0901,892.9457,1011.55255,-423.08908,888.66766,1009.3418,-423.26242,893.27167,953.68835,-263.87988,863.66547,971.95447,-552.3272,859.7531,1007.6842,-322.11752,851.3351,1012.95557,-404.48264,792.2712,848.3991,-76.9048,693.1921,960.61865,-647.5297,775.5979,960.5404,250.13535,598.06274,1139.9375,-671.3844,800.84973,1118.9637,360.7279,635.2412,1327.283,-645.523,830.85004,1131.9453,360.7475,649.8424,1369.3972,-743.95337,831.3507,1145.9242,283.03726,680.49915,1350.0236,-714.81757,812.4978,1147.4677,330.86627,673.0263,1332.5865,-634.3253,407.25815,893.84717,179.32974,346.14618,942.3528,-178.7767,236.68239,970.7635,701.43097,165.03696,1017.1614,358.74213,54.230244,985.1572,1294.4346,-25.01249,1052.5193,903.1411,8.366755,967.38727,1354.1467,-72.41993,1025.6989,955.61115,65.53524,1076.1926,1339.4727,-7.875781,1157.5264,892.1135
pushupsup43.jpg,209.5361,976.12195,-182.18375,191.25606,968.50525,-234.44891,194.70807,967.1371,-234.25766,198.28354,965.6304,-234.4848,181.25636,962.67505,-190.59436,177.83452,958.1947,-190.58556,174.81932,953.5914,-191.20093,222.52792,939.83484,-411.2969,187.31464,922.375,-205.75356,245.0457,961.4183,-232.48299,235.03519,960.49036,-172.19165,414.81253,930.6646,-474.946,293.58594,814.3768,-74.6001,546.19293,1112.4467,-397.01483,341.5124,948.62366,333.04453,497.9983,1269.1769,-273.65543,301.36636,1115.1614,608.95123,498.92908,1319.9674,-322.20462,274.01962,1141.0272,635.9062,456.65225,1296.2535,-311.8751,275.63345,1156.5836,589.12646,457.80408,1273.3528,-267.53754,295.65128,1151.3606,594.02124,735.1996,878.945,-146.305,673.95856,810.1454,147.44102,895.4127,930.2029,369.9061,805.1914,872.80566,673.3177,1059.6923,899.2172,882.9519,944.10254,881.01276,1248.9307,1093.4801,870.18884,931.8931,977.748,862.81036,1306.715,1054.9204,988.96063,921.04156,936.13416,961.3359,1328.4343
pushupsup44.jpg,112.120605,991.66125,-263.8507,92.621445,976.45557,-312.43695,94.79609,972.7407,-312.38928,97.02726,968.78973,-312.55518,86.64041,975.0268,-252.51181,84.72043,971.7136,-252.59752,83.197296,968.49023,-253.03108,116.89676,938.0432,-446.67538,95.98493,937.9272,-167.56555,145.7707,977.2784,-299.61862,139.97437,980.0852,-218.195,294.93356,920.7429,-535.1252,230.96313,877.16284,46.325867,415.58102,1126.0254,-553.4505,301.73056,1022.06384,371.91577,379.03958,1314.626,-441.7617,275.44437,1179.665,453.7385,369.9958,1365.0262,-515.91016,248.65114,1201.6965,464.22122,335.92645,1352.4744,-480.99402,242.24445,1215.7146,398.34045,341.65097,1333.1263,-428.85532,261.36725,1208.6757,426.28275,667.02466,934.43646,-199.63445,628.8718,913.9772,200.1692,883.7684,1007.3813,243.62274,819.304,979.35736,638.8624,1088.3909,1029.0653,719.5934,984.3445,1007.5373,1174.8296,1130.759,1005.11774,759.417,1023.60266,989.66,1227.918,1102.5724,1134.0404,665.1227,994.7113,1103.1719,1191.1798
pushupsup45.jpg,374.57623,790.41425,905.865,361.9515,784.2018,874.0211,357.05408,785.42126,874.4046,352.24808,786.32043,874.36505,376.01385,779.378,880.66785,380.96896,776.7412,880.539,385.75214,774.3594,880.1238,350.786,785.06354,677.05554,396.59674,768.3127,721.4912,374.22092,793.9469,833.39685,388.14127,789.14386,844.6279,344.58774,839.67053,437.03354,461.3886,772.6402,536.1995,301.92334,961.74365,322.3398,531.9173,870.2463,493.9375,247.4801,1054.0598,284.81155,607.0743,997.568,480.46512,224.66849,1081.4137,283.49756,632.6559,1021.249,491.88055,239.5683,1067.8103,297.65265,625.575,1031.8005,501.23395,253.22964,1053.6506,291.8181,612.0966,1024.34,492.37354,462.3039,961.00995,-30.220856,530.5754,914.9325,30.29905,620.54926,1116.8688,-170.1201,720.2623,1083.2465,-47.409565,795.32263,1252.6237,-389.15012,870.5828,1233.8594,-279.34717,826.36163,1268.5267,-414.38974,888.3081,1256.2865,-310.47958,826.74316,1296.4445,-484.07205,912.26697,1291.1781,-362.31393
pushupsup46.jpg,273.60364,1001.3347,445.13812,262.84592,1003.1062,435.44897,260.49146,1001.30444,435.5531,257.9405,999.4676,435.3487,267.7882,1004.2003,467.39447,268.95862,1003.86975,466.9502,270.4196,1003.51385,466.68182,256.92087,983.4463,367.36948,273.8323,988.9308,510.84564,278.20395,985.3435,415.32233,284.86584,989.3496,457.3644,274.44785,946.2497,159.3956,305.97787,894.7461,503.25433,216.23624,875.94885,-70.86962,268.0734,836.92505,549.83746,218.44484,998.02563,-170.93439,285.07916,936.1024,678.1309,223.13809,1025.9692,-206.96631,293.9832,955.8712,718.0499,221.87094,1037.8333,-170.10767,297.40802,963.4744,687.8631,224.87416,1018.4283,-156.86398,295.53394,959.14545,672.16113,475.1139,876.8169,-142.45116,479.489,850.22766,142.78555,599.9921,1065.892,-167.9695,595.81976,1009.71063,15.173813,736.0333,1238.8116,-337.72568,717.34406,1210.6063,-129.73415,774.4389,1243.4669,-350.85922,760.80615,1232.7821,-148.87299,724.219,1343.1384,-442.741,698.6337,1300.4025,-263.31094
pushupsup47.jpg,261.34753,822.26196,867.5307,245.12253,813.9599,813.05475,241.86429,814.5942,813.0953,238.48642,814.8719,813.35736,256.8108,808.54114,841.9601,260.90527,805.75134,841.97736,265.12994,803.0786,841.41455,240.81955,810.2406,581.8599,275.80603,795.00684,721.37085,266.0576,825.412,793.04095,276.34122,821.6357,833.6782,239.65627,845.0298,325.62155,385.8477,774.45074,648.0981,222.43616,978.9433,264.17273,449.17313,874.76764,729.3096,177.38197,1061.9883,321.47717,445.43597,976.6218,813.25116,161.61258,1089.7736,312.12625,446.4028,993.0018,862.30743,163.34167,1074.3387,341.80243,435.62598,1003.0923,840.74255,176.55136,1060.2318,337.6423,429.95575,997.661,811.77466,442.4362,943.5713,-110.30584,528.96716,888.1823,110.482025,590.12006,1090.3304,-138.25037,674.85803,1045.3154,59.79941,774.82434,1226.649,-423.9429,830.0799,1197.5674,-127.011024,818.373,1234.5354,-456.84763,863.09393,1218.0972,-151.06668,768.5875,1302.2394,-446.40082,832.2826,1254.7418,-125.81632
pushupsup48.jpg,64.70647,920.66345,574.6956,45.685562,910.20966,523.0814,44.265846,909.29114,523.2136,42.725464,908.026,523.26276,51.177513,906.44763,569.88043,52.917194,904.0716,569.7691,54.868824,901.66846,569.6473,48.493835,896.56415,323.30197,64.46497,887.05334,545.7718,76.58187,919.7191,512.5891,80.78569,919.0909,577.586,88.51376,928.7691,60.314823,184.12149,847.6799,592.0646,108.73655,1056.2003,-97.70402,273.8344,952.4644,680.2264,83.47677,1169.8325,-119.429726,290.8365,1072.5155,623.7424,81.80748,1200.9417,-160.5097,295.9236,1095.9927,663.5289,71.3451,1194.8475,-123.491516,285.4642,1102.7391,618.3626,78.58919,1178.172,-103.01914,280.38666,1099.4758,607.72766,356.17926,991.3577,-181.19872,396.5144,927.37537,181.27057,559.00433,1103.9381,-212.68982,577.45605,1048.155,158.60759,772.04065,1217.8492,-352.36615,759.79047,1163.4568,141.62521,814.38727,1219.7389,-374.6467,799.5685,1175.555,131.99986,777.3289,1309.5323,-458.77612,762.59766,1230.119,88.62601
pushupsup49.jpg,117.20247,991.91003,418.1557,95.50719,983.7884,363.12143,94.34503,983.0342,363.1346,93.06194,981.9073,362.9869,98.775276,978.98517,419.4146,99.496124,975.9978,419.36935,100.50575,972.8815,419.28113,95.71199,967.59314,165.18477,105.48079,953.9347,423.83566,130.54102,989.32697,358.29993,133.11858,986.0988,433.45056,147.42902,986.312,-52.913757,212.63554,909.1402,518.87054,164.42181,1117.1025,-159.32178,283.75238,1020.62933,672.9122,138.95763,1243.7496,-124.45916,283.3521,1152.5996,685.23413,128.50615,1272.1968,-165.72119,275.6051,1170.3341,732.49817,121.550545,1266.1593,-118.42633,265.69257,1182.0286,674.1094,130.18497,1251.9935,-101.12985,268.4037,1181.5056,666.6006,438.72772,1043.173,-188.68724,463.1787,984.5198,189.06061,652.39636,1141.2721,-155.54237,659.2608,1097.4878,198.37408,876.4701,1239.7529,-164.71559,862.82837,1193.3241,240.07413,918.90936,1239.9348,-172.51,903.41113,1202.3164,237.54454,890.3502,1321.6503,-260.55145,879.31177,1244.508,181.3028
pushupsup5.jpg,876.6078,423.0553,850.62714,866.239,415.184,834.8677,864.02264,414.03534,834.97925,861.50574,412.5989,835.1564,874.59515,413.07495,869.9684,877.57166,411.04642,869.69763,880.7566,409.25223,869.02264,863.4456,405.26025,711.2278,889.5659,402.33322,876.68744,880.447,423.70026,801.7688,888.3349,424.0941,849.8172,856.4852,416.7459,453.0747,969.78723,399.6233,844.8051,818.70447,524.846,314.33334,1003.6649,498.3083,920.14813,802.3989,634.1414,281.6487,1018.89734,612.90295,974.5286,786.6521,660.1466,267.9896,1020.4036,629.5559,1027.1221,792.7717,647.0212,299.8293,1011.1364,637.93695,1005.77783,804.253,635.6319,294.46112,1004.74445,635.9943,973.23004,999.6881,441.2602,-139.52995,1066.0563,423.0576,139.43028,1086.5177,609.8771,-147.58257,1174.0177,564.6417,59.876926,1232.2161,724.2203,-492.38742,1296.9827,712.04034,-220.89758,1276.5369,727.3369,-530.75726,1334.3988,728.60394,-257.51804,1216.1471,796.4266,-531.1707,1289.2783,766.74725,-289.18423
pushupsup50.jpg,136.7197,1000.1447,126.2732,115.14301,991.37537,69.78599,114.43443,989.8852,69.863594,113.68214,988.105,69.84912,116.41422,986.8815,128.31938,116.46363,983.6838,128.30612,116.8471,980.38434,128.2384,118.79039,969.7307,-103.23725,122.546364,957.6382,166.07257,154.53104,993.57983,77.99114,155.33267,991.398,156.39871,196.3076,982.04016,-280.84537,236.598,895.72577,324.25323,267.66293,1103.3625,-438.4189,316.2962,996.16046,470.66547,224.25482,1238.0814,-405.78403,300.86,1124.4175,454.62634,216.19182,1270.8773,-452.9852,290.79428,1147.0283,493.06326,197.97992,1269.8142,-410.96335,277.2699,1156.9508,442.2405,204.834,1253.1643,-383.4024,282.84586,1153.4143,435.73734,532.7171,1005.8997,-183.60106,547.7462,947.27673,183.90173,757.8373,1105.7886,-74.09814,768.16785,1036.2316,344.76968,1008.00934,1180.5393,55.64988,985.7119,1105.6962,507.9747,1062.4148,1181.3088,57.681816,1031.9413,1111.9667,519.36816,999.96375,1264.5582,-66.13403,990.79443,1153.138,447.86502
pushupsup51.jpg,200.85376,1012.10187,-119.13815,182.49496,996.5579,-170.4917,183.43236,993.3719,-170.53802,184.39786,989.85455,-170.7388,179.97212,993.7313,-103.554,179.30688,989.66504,-103.44587,179.04161,985.5827,-103.47313,197.89752,961.1719,-306.03815,189.49327,955.1191,5.4079304,226.36066,1000.86285,-153.94446,223.49059,1000.19965,-63.606968,321.01932,962.10547,-402.77832,319.545,908.2149,233.33723,373.93622,1147.5002,-424.1222,342.577,1049.2218,362.75885,354.76218,1306.0797,-236.2148,313.3792,1172.9277,178.89296,328.30084,1338.241,-280.4351,280.98236,1174.2288,172.09486,312.80405,1316.6212,-221.06685,269.80814,1190.71,104.23608,322.75546,1304.0159,-208.27231,284.57227,1195.3248,144.18094,642.456,975.90204,-194.63551,640.29785,945.90936,195.14726,850.9511,1058.4263,128.23965,827.65405,1044.2384,535.7594,1081.8691,1116.0182,463.1332,1018.7088,1113.2137,887.87616,1129.7755,1107.6791,488.18402,1061.4719,1111.6378,921.0279,1074.4011,1198.7308,385.00308,1016.03674,1177.9677,860.5131
pushupsup52.jpg,212.57849,1012.263,-103.24798,192.85767,1005.2535,-157.69395,194.22823,1003.68005,-157.74495,195.65619,1001.81067,-157.93817,187.21301,1000.23065,-102.5924,184.8021,996.07074,-102.56499,182.76915,991.7816,-102.8961,204.91144,979.1166,-318.70773,186.0145,966.0239,-63.937386,234.33159,1002.18884,-147.08583,228.44644,1000.23413,-72.61432,326.11163,963.13544,-424.4587,285.18405,886.02094,158.02058,410.40097,1115.5312,-429.17877,307.9638,1019.9584,446.18555,382.41214,1255.7682,-231.95815,283.74777,1154.0731,514.2357,365.96344,1292.0707,-275.8462,258.19363,1169.822,535.68677,346.247,1273.5654,-228.98285,257.6196,1177.8235,467.70804,353.31796,1258.441,-207.62921,272.56073,1174.7251,485.81357,640.368,950.5473,-190.19514,626.2188,904.9004,190.38966,803.1844,998.24927,284.25513,796.0442,978.81305,574.43304,1002.4852,1031.6685,792.0411,953.07764,1027.094,1024.0552,1044.8374,1013.35913,834.16235,993.48627,1016.6833,1066.6033,999.0482,1118.9392,750.20306,940.1406,1112.4286,1002.8946
pushupsup54.jpg,740.2922,987.2732,-215.53812,760.73206,969.1736,-196.84946,762.1362,964.86487,-196.74417,763.4691,960.79297,-197.02242,755.5405,972.1404,-262.06754,753.95715,969.09955,-261.964,752.1719,966.0213,-261.84457,754.12115,926.2981,-82.31757,739.2587,934.71893,-371.69806,721.2252,971.9973,-160.9074,715.826,973.983,-243.5147,667.61536,872.7094,127.26777,624.8287,922.61456,-507.4272,655.33044,1018.3787,325.75577,550.2251,1096.445,-580.848,670.0752,1161.3691,349.4576,577.04816,1238.2954,-482.41522,689.40643,1188.6449,369.1722,589.59125,1277.3363,-554.03864,686.6054,1193.7238,300.91525,608.75256,1259.2069,-525.6451,673.79333,1185.6067,320.8384,601.0505,1246.1659,-468.39645,335.98984,843.50024,189.40443,304.8833,859.7474,-189.1833,212.64677,942.682,630.89484,164.54156,937.81396,183.82053,90.5457,980.1288,1147.419,6.0496798,997.7259,626.4198,61.84776,967.89514,1197.044,-29.015203,983.5113,669.3198,77.97894,1044.4615,1165.1564,-8.117566,1075.7869,586.1445
pushupsup55.jpg,867.51355,1132.2946,-222.64346,888.10596,1115.1572,-200.47108,889.5598,1110.5818,-200.34818,891.0501,1106.206,-200.57687,882.737,1117.9624,-264.86365,881.19946,1114.6866,-264.7583,879.44977,1111.4613,-264.86758,878.77386,1070.697,-99.53685,864.32355,1077.5781,-379.4694,845.3251,1115.4088,-175.68285,840.6762,1116.2726,-256.38388,773.0495,1007.3275,94.025955,735.6595,1056.2103,-499.8308,762.3865,1130.3693,367.90634,671.3434,1227.7947,-545.09174,784.07764,1268.1232,499.00192,684.099,1389.3937,-504.0464,807.55035,1286.5065,528.0586,695.333,1427.6304,-579.6044,805.2988,1302.7025,464.5917,713.67084,1414.3833,-556.1765,789.8412,1299.441,475.87686,705.9481,1400.8442,-493.3847,429.51962,1028.6007,176.09769,399.88824,1045.03,-175.62335,258.30615,1095.339,590.4403,207.4768,1121.6031,180.14453,83.905815,1123.1959,1021.4107,11.037655,1170.688,539.2811,45.557716,1109.7937,1060.5065,-31.97839,1148.1313,571.646,68.48217,1190.3041,1026.1703,-1.6381967,1262.5697,496.26855
pushupsup56.jpg,937.05743,1040.9426,-146.52199,953.06335,1024.7222,-127.25643,953.49884,1020.54175,-127.058205,954.0054,1016.51733,-127.16071,950.07556,1027.1421,-186.53467,949.12103,1024.4265,-186.38434,948.04535,1021.8415,-186.40802,941.09454,987.57135,-26.083841,934.1578,995.2217,-289.28137,915.86523,1029.5709,-99.281586,913.1816,1030.3278,-174.9282,820.0092,936.1173,174.65114,831.0573,1012.0063,-416.7706,761.07007,1071.8298,306.6612,791.1542,1163.9227,-463.3204,755.2444,1218.1594,298.37045,782.4266,1318.3535,-406.97415,774.7059,1235.8728,319.6999,793.70703,1348.4849,-477.26865,776.01117,1254.4077,252.62433,801.3814,1345.2018,-447.147,766.14355,1253.5201,270.4819,792.9145,1334.15,-393.8441,527.9101,983.446,180.78574,515.50867,1020.0706,-180.3437,356.0323,1080.351,507.70142,319.22437,1108.5068,24.468079,189.16937,1147.6453,877.8636,113.32345,1168.2524,284.52664,153.49782,1144.0688,909.0911,71.02223,1160.0726,300.88257,179.07092,1214.0847,845.5779,107.583595,1246.4558,174.72276
pushupsup57.jpg,907.0099,908.37164,12.677898,922.55505,891.16785,33.374313,922.23706,887.7174,33.552483,922.06726,884.406,33.42763,922.09906,892.1654,-30.901814,921.9259,888.6798,-30.832983,921.71075,885.3257,-30.941114,913.1154,857.3782,137.21437,913.2877,859.5366,-149.82973,888.605,899.8319,60.823303,888.96643,899.8065,-22.585033,787.36615,836.9265,333.51324,829.9913,870.623,-301.5988,734.7953,974.6481,450.89597,799.6763,1032.4656,-385.37946,759.852,1093.5065,347.09415,829.1246,1186.1295,-338.76184,785.57623,1098.0862,373.8314,856.4876,1205.7551,-398.2411,796.0009,1115.1189,300.5504,862.2883,1196.3221,-348.81735,786.3388,1118.2767,315.179,850.66956,1189.9269,-316.54144,520.73364,919.76263,194.5424,531.03754,940.54565,-193.96794,314.11526,1037.5466,259.58002,326.31125,1070.6173,-170.31819,113.53897,1125.6292,387.94363,92.4524,1171.1238,-126.22115,69.77205,1128.8403,392.99802,38.437675,1164.2164,-135.11478,127.33926,1197.9757,303.27612,115.672485,1276.9509,-273.6719
pushupsup58.jpg,884.23706,879.55865,245.16002,895.8382,864.929,254.51111,893.41254,860.2138,254.80504,891.1176,855.47327,254.58203,900.35425,872.12415,201.7116,901.6228,871.9786,201.78369,902.79675,871.8183,201.8343,876.3654,837.7556,276.30447,892.9386,859.59265,37.381092,863.27045,873.323,263.34067,868.9873,879.3374,193.83765,747.6626,813.3237,387.23416,828.67883,881.0756,-149.67717,700.9647,943.67194,530.3276,825.3647,1031.7032,-219.40298,716.57666,1060.4902,529.4319,868.55743,1148.1543,-160.0971,730.934,1073.5873,569.5802,888.8969,1168.126,-202.74828,737.42566,1088.4403,516.6659,892.95447,1161.7247,-161.05869,733.36395,1089.5283,510.21152,879.86444,1153.8674,-138.36824,518.21436,948.60724,165.52426,556.9832,980.77203,-164.84698,350.9599,1096.3414,220.4524,407.71185,1113.6116,-89.67106,173.51888,1227.8579,258.80283,219.57298,1251.0914,-27.946087,138.00081,1238.5997,256.61206,174.84126,1258.7485,-27.592962,172.1144,1273.0125,177.59003,236.03902,1314.8279,-97.74197
pushupsup59.jpg,822.10455,838.5691,695.62396,823.1059,823.01764,697.1941,818.6899,818.69366,697.49817,814.4839,814.36847,697.20917,834.2236,831.40045,656.6376,837.94635,833.0489,656.62134,841.43317,834.45294,656.46436,803.1596,803.6899,656.03094,838.58356,829.9883,467.56238,808.3016,835.3284,682.7535,819.9022,843.86743,627.9146,713.9631,815.866,615.5617,826.8931,849.08813,207.00015,676.8254,934.5244,628.5565,850.8994,983.46655,53.589954,689.3959,1051.8236,596.62836,879.78204,1098.717,-6.9331646,701.1619,1072.6078,630.37775,898.16064,1128.3605,-39.331863,707.08453,1079.4312,599.7562,893.71747,1121.5603,1.1319046,706.5366,1073.343,583.4087,881.77246,1111.2656,14.966794,560.56354,943.39606,120.06139,617.8498,965.02325,-119.3072,478.12317,1104.2837,49.278095,517.3022,1115.8953,-203.92093,362.63382,1233.77,-118.63442,410.43646,1210.8141,-472.32352,343.6593,1249.4238,-144.13878,389.8157,1216.983,-504.43878,357.7838,1269.3007,-239.06175,402.64737,1249.1222,-589.81146
pushupsup60.jpg,869.29346,856.31854,963.04205,870.2707,838.58484,962.41534,865.3459,832.6655,962.804,860.7027,826.7554,962.6211,882.3575,851.02515,921.2938,886.4309,854.0672,921.2427,890.2361,856.8634,921.04456,848.7803,816.7826,894.22736,887.7997,855.84766,698.7848,854.0099,853.4488,938.3541,866.7223,866.82294,881.37476,760.5897,838.6924,796.7255,887.2597,886.151,415.91956,729.9761,983.69604,792.65015,927.28094,1025.3628,240.32605,752.768,1109.8473,774.9646,932.2256,1146.7242,165.16228,769.3583,1128.3396,812.3532,946.2373,1174.0227,125.94707,781.18463,1138.0276,772.7784,939.5157,1167.3677,173.58202,780.3593,1133.688,758.6097,929.93823,1159.1068,189.47783,607.6332,966.0355,115.511665,674.5351,995.6182,-114.77327,446.2827,1130.8833,115.90945,512.80396,1191.0,-191.58273,276.79297,1287.8429,-25.455889,352.83743,1335.5304,-422.10907,243.30104,1308.452,-50.044937,320.79584,1348.8079,-451.01172,269.49203,1338.2185,-150.58525,339.24316,1387.6261,-543.6645
pushupsup61.jpg,895.6975,1048.5101,-63.465897,914.603,1034.437,-44.423656,915.8276,1030.1494,-44.255997,917.1023,1025.954,-44.339905,910.15814,1036.7598,-104.0054,909.06195,1033.8496,-103.87791,907.8746,1031.0574,-103.8981,908.22815,997.7631,47.69725,897.2979,1005.4142,-216.06451,877.653,1036.8438,-19.814539,873.6748,1037.9182,-96.344864,781.9506,940.1454,228.67397,800.2337,1018.7393,-336.16806,732.521,1074.7936,322.07727,758.1352,1177.8569,-369.5654,748.55994,1198.5765,255.28395,785.4023,1312.1923,-352.08362,776.4296,1207.5283,265.848,815.107,1338.0774,-429.44687,782.07074,1223.6406,196.63069,820.9164,1321.3357,-397.1619,771.8528,1226.1877,225.29974,806.95874,1311.8652,-338.71738,490.1673,994.56354,177.13194,484.8423,1040.4102,-176.61334,293.89532,1091.3264,405.9762,273.43597,1141.1934,-7.729591,101.44521,1147.3888,685.7462,55.310616,1207.3496,177.6395,62.01101,1141.8737,710.07965,11.253047,1197.5442,184.39806,94.3103,1222.4086,658.56903,57.839027,1300.3751,65.27051
pushupsup62.jpg,839.96936,1098.283,-162.889,858.1929,1083.544,-140.6946,859.2529,1080.6542,-140.45412,860.367,1077.9198,-140.56894,853.45215,1082.9656,-199.74129,851.7437,1079.2554,-199.66582,849.85486,1075.5996,-199.7361,848.40533,1050.0929,-30.372746,835.33673,1046.4475,-292.9974,818.76935,1087.4883,-112.354225,814.1316,1085.2806,-188.09616,746.453,1003.54785,172.72662,722.99585,1036.6616,-424.44397,722.65234,1124.335,383.03235,664.17914,1191.6268,-482.54135,714.5156,1242.7839,399.73743,644.5856,1340.2522,-416.63434,732.28467,1258.0574,414.26672,649.85114,1372.8098,-483.16278,731.69806,1269.4731,345.55933,665.2082,1366.1832,-455.7625,717.94,1268.538,372.57608,657.8281,1353.3735,-403.11655,441.27057,1019.20667,179.0837,419.7462,1033.0587,-178.91719,318.2411,1092.2389,575.43396,262.6746,1101.1152,107.32936,179.57773,1120.8124,998.5612,89.376526,1153.8757,418.66443,146.23383,1109.8112,1039.0691,49.898777,1137.8871,446.74362,168.73222,1181.0026,1029.7087,77.93609,1234.9587,376.01703
pushupsup63.jpg,697.524,1092.5253,-593.4266,708.9417,1079.1383,-593.29156,709.5214,1074.2672,-593.40234,710.24335,1069.6777,-593.4678,703.86487,1083.7083,-650.5961,702.0161,1081.7662,-650.71466,699.9972,1079.9717,-650.80426,702.54034,1040.2882,-513.7281,690.05725,1049.5693,-770.5089,679.53534,1076.1959,-549.7256,679.08234,1081.083,-623.7111,662.49994,996.80994,-361.05453,567.6313,1024.1249,-789.2171,657.3627,1112.4104,-206.49246,506.8959,1166.2445,-829.7798,681.42017,1236.258,-235.30296,510.28824,1305.07,-867.4058,708.24713,1249.592,-269.91898,508.2902,1331.3069,-966.1983,702.87616,1262.7994,-337.04657,531.3087,1323.1571,-962.4723,684.4823,1261.8904,-265.02582,531.67773,1313.8784,-874.2967,441.28018,1042.7708,134.43729,394.774,1048.0948,-133.66098,342.2686,1088.0396,596.36884,277.00647,1069.3619,376.66867,230.46272,1087.254,1167.5686,177.9979,1085.1125,944.48987,203.11485,1073.4502,1220.6835,153.45633,1078.2585,995.7228,232.20198,1142.7048,1160.1039,174.49669,1128.5283,905.90186
pushupsup66.jpg,673.458,983.9303,-1043.5723,678.5912,960.9269,-1056.3251,684.39606,959.3861,-1056.4208,690.3627,957.71985,-1056.2673,661.67114,962.0793,-1046.9923,655.7168,960.93054,-1046.9882,649.8082,959.94446,-1047.1566,699.2974,942.3683,-930.5637,642.9261,945.7722,-897.47406,684.62915,987.8279,-981.7139,668.6251,987.6683,-971.7454,759.1234,964.64575,-739.16376,616.00757,986.3926,-708.2646,791.3419,1101.7424,-734.36847,593.62646,1118.2152,-697.82196,819.07495,1245.3096,-825.8895,598.07056,1255.8927,-822.5326,839.2153,1270.1008,-901.7357,580.78467,1283.5266,-906.13153,820.75055,1273.9711,-938.8998,607.4878,1277.1222,-935.3564,806.477,1267.2285,-845.48615,620.59955,1263.8773,-840.2494,774.1096,1087.075,-13.453332,712.0127,1097.4829,14.274658,761.5795,1121.4535,463.71634,700.0332,1113.52,443.63416,731.1219,1118.0105,1000.796,686.9047,1120.2572,953.8181,726.06555,1113.7352,1056.3407,689.42584,1114.8043,1003.8055,726.7093,1132.6444,987.98083,670.4622,1147.9001,927.0644
pushupsup67.jpg,829.90594,1036.0317,-818.2201,847.00665,1029.8655,-807.9306,850.46606,1026.5653,-808.0813,854.05396,1023.5542,-808.2029,835.1799,1029.476,-870.09357,831.84705,1025.626,-870.1876,828.3212,1022.0147,-870.33954,853.11066,991.4431,-681.8028,823.089,984.5772,-968.71375,815.7829,1015.7207,-755.81476,809.28406,1015.7373,-838.0454,840.70276,920.28864,-492.66718,683.9451,936.2572,-958.9196,804.0661,1049.388,-283.76678,608.6197,1081.9226,-1031.5782,795.1422,1192.7162,-269.45886,586.67377,1244.6654,-1086.0858,823.08624,1215.0795,-306.808,573.46625,1274.9917,-1215.2744,814.26404,1226.9746,-383.89642,608.1606,1279.948,-1216.6967,791.19574,1219.8644,-300.92603,614.02844,1269.9749,-1099.6349,578.2471,934.3874,178.5215,504.61887,934.6872,-178.02908,520.4246,1018.84143,808.72473,515.045,1030.68,273.99915,456.11865,1046.4938,1524.6266,484.55283,1068.8245,1005.59515,444.99252,1037.6217,1596.4205,474.6251,1062.9039,1078.361,459.5053,1105.8594,1593.1892,507.7361,1129.3418,1095.8468
pushupsup68.jpg,812.8028,1057.5068,-302.95645,830.13763,1033.3298,-288.12967,830.8411,1027.9052,-287.91925,831.5111,1022.82764,-288.24078,824.80383,1038.9949,-352.87158,822.1881,1036.6107,-352.68192,819.3306,1034.207,-352.69702,813.26227,983.45056,-176.17383,797.81036,999.4715,-461.45938,787.29865,1040.4612,-247.62265,782.1452,1044.7344,-329.21924,712.3049,909.6301,23.210396,654.80237,989.9792,-566.55615,655.57263,1006.547,329.24274,567.299,1167.2633,-580.8641,643.24585,1143.9747,506.52023,593.6278,1304.7307,-445.8805,654.6016,1165.4008,541.19293,601.69794,1341.8534,-516.9073,652.434,1172.219,473.2644,624.73517,1323.8505,-493.89603,640.41095,1167.5488,484.267,618.1835,1309.5851,-433.6708,354.7718,909.1355,179.32109,313.60828,943.65875,-178.81987,223.71138,965.3953,760.1659,162.49425,994.2224,350.0807,90.20842,972.2767,1346.5944,3.1124997,1013.3152,866.7971,55.774906,952.658,1406.0067,-34.022427,986.83997,919.0639,87.38364,1049.2125,1398.5886,-6.951352,1110.9408,864.0762
pushupsup69.jpg,915.44147,1053.9135,-161.8284,934.7086,1040.7192,-139.93947,935.8648,1037.4105,-139.75359,937.1086,1034.2832,-139.89885,930.18677,1041.4213,-198.15259,928.70905,1038.1576,-198.12907,927.09595,1034.963,-198.27261,924.5734,1008.19965,-31.419394,912.1547,1008.8918,-287.4124,892.5498,1043.5121,-112.86977,888.1289,1042.2324,-186.82776,795.1594,958.9729,178.97272,791.89276,1007.6519,-417.08777,721.5133,1073.4586,359.64545,730.101,1172.5034,-467.54758,714.39795,1200.9087,398.45447,729.7139,1330.7546,-425.3817,732.62854,1217.3513,429.4943,741.42615,1364.3771,-503.18634,737.35675,1233.4414,360.04547,755.1167,1357.8278,-470.45618,726.02045,1231.7313,371.012,745.93243,1344.8983,-411.25278,484.33307,989.2323,182.76918,463.94983,1007.39984,-182.45213,303.76343,1067.36,517.3394,254.48228,1096.5115,53.20765,128.57431,1107.3385,906.5977,48.437347,1146.9846,333.62924,91.60461,1098.1555,940.6865,6.4532337,1133.1375,354.4586,111.817215,1170.2646,892.29974,36.02253,1228.5858,249.15442
pushupsup7.jpg,595.6492,338.0722,812.10565,575.4067,334.47995,770.6113,572.276,335.5868,770.7779,568.8836,336.34564,770.94806,584.3612,325.3895,804.8385,587.0548,320.505,804.4833,589.9883,315.84375,803.91675,567.7999,325.61267,579.36206,596.3194,298.80804,738.97363,601.5428,336.95584,745.2617,610.47455,328.94742,792.0568,586.80884,338.4506,320.8955,705.3875,264.70648,692.21686,551.3482,499.63623,215.52075,756.1909,400.66464,758.9485,536.0313,646.0073,193.97885,792.4806,570.22186,791.7054,515.2061,679.6216,172.33965,791.0418,586.9853,831.3393,515.82196,660.34344,202.59111,782.18085,601.71545,799.23395,529.074,645.6275,205.2045,778.104,602.0324,784.9956,828.10144,371.98462,-140.67363,889.518,317.33658,140.51791,1005.8527,524.67755,-143.26868,1059.1135,477.7564,116.498245,1218.3375,648.16455,-419.664,1236.0901,600.15533,-79.71659,1265.9088,647.0849,-450.21118,1273.578,608.1564,-107.362595,1219.945,732.0275,-477.38712,1250.6335,660.553,-162.54617
pushupsup70.jpg,874.00867,987.3761,16.637417,891.1043,974.3952,36.463066,891.99725,970.5248,36.73449,892.987,966.73016,36.63501,887.8879,977.0486,-19.798843,887.1943,974.6681,-19.601645,886.4103,972.3901,-19.5735,882.9747,943.2934,116.77998,875.2633,951.8596,-133.26071,855.37854,978.68823,54.40506,852.4869,979.6882,-18.190945,760.0378,896.6664,287.09277,780.5379,966.9643,-266.50522,698.0159,1038.5983,381.9336,741.0806,1119.3223,-318.09872,691.3795,1158.5222,283.6043,759.57855,1254.2262,-285.40936,714.68195,1167.432,299.87033,789.188,1278.5743,-348.35904,717.67334,1181.1146,231.59209,795.82776,1264.6512,-304.79245,708.91956,1184.1987,254.45102,782.54065,1255.7554,-268.0921,479.82822,945.4312,174.45795,477.0798,985.69025,-174.15427,279.7989,1029.3379,308.21722,270.14972,1074.6954,-80.70864,84.98828,1087.0598,497.1552,53.803352,1139.6857,39.32734,46.642467,1083.5352,510.79056,11.695612,1131.9208,39.511883,75.68963,1158.981,439.61975,47.830536,1226.5511,-78.95627
pushupsup71.jpg,842.1426,1014.558,11.992351,858.4681,1000.1871,30.561413,858.98004,996.6424,30.781532,859.56006,993.0762,30.609062,855.8833,1002.8461,-26.171019,854.8684,1000.49,-26.071436,853.78296,998.20953,-26.200275,848.87463,969.84753,109.740005,842.0512,976.77637,-142.03731,823.6623,1006.53796,49.598927,821.1696,1007.71155,-22.974482,728.04553,929.3921,268.42404,761.3631,990.8505,-287.49173,675.7783,1049.7833,400.8452,746.4518,1145.6504,-325.1471,667.24146,1171.7258,386.8632,787.9789,1267.8226,-231.657,675.7412,1188.4092,417.74057,805.96277,1290.6285,-273.05804,680.2938,1202.3866,369.17355,816.10254,1288.4365,-235.0862,674.53467,1200.8442,369.21848,803.5223,1279.4155,-212.38217,472.12894,1032.0212,168.05177,482.9088,1059.6941,-167.40416,305.66013,1140.152,285.61075,311.189,1159.2051,-92.41685,135.96904,1207.7722,453.19052,128.59827,1236.051,15.329245,100.26793,1207.8827,462.1475,83.81731,1229.1484,17.418228,142.98679,1257.8944,395.77866,149.39226,1314.9404,-77.17543
pushupsup72.jpg,805.7195,988.1267,559.22095,810.88367,970.6931,558.16376,807.4597,966.05646,558.32605,804.22253,961.41003,558.0254,819.1484,979.72284,514.6336,821.62317,981.07245,514.6678,823.9687,982.317,514.5902,789.33014,948.6478,511.82288,815.53015,975.7228,312.19687,788.454,984.7675,548.29224,796.8199,992.7378,490.14005,688.08685,946.93494,512.7774,781.36676,1008.30817,92.26083,646.9945,1071.7393,597.1613,788.28595,1142.7822,32.717247,662.01,1184.2017,623.7022,817.4011,1252.178,68.97936,673.04346,1202.9373,670.5937,833.9245,1280.8888,31.35952,680.3889,1213.9036,633.5686,833.89746,1272.8806,66.21317,678.40454,1208.9961,611.61597,823.3447,1260.7411,87.05865,501.73047,1067.7224,121.61206,546.44696,1106.6127,-121.03072,360.03436,1190.1154,129.10893,396.20233,1233.1941,-156.27795,206.27235,1307.0215,20.79597,240.498,1340.6091,-271.69626,179.62357,1320.9281,4.6683874,209.20828,1347.5243,-289.50858,192.19649,1344.8568,-59.22574,239.1024,1392.0692,-365.29187
pushupsup8.jpg,283.15045,437.78696,13.536939,254.1961,425.0019,-47.22045,252.56659,421.43805,-47.29948,250.78891,417.48007,-47.47974,256.06372,423.12537,17.491234,255.76372,418.68564,17.31946,255.85373,414.32074,17.437145,253.77045,385.26364,-188.59729,260.27316,382.7622,111.79566,305.81876,423.18066,-23.583828,307.65085,421.52145,63.759342,372.76456,354.2718,-323.36465,445.87607,341.16397,336.56967,408.9515,560.12396,-390.50815,554.2201,491.696,473.51505,457.98615,773.4024,-282.4916,578.9228,647.7144,381.92645,426.7379,810.2019,-332.7624,542.9795,658.57324,399.48788,425.62793,803.1224,-279.77197,527.4744,670.81134,338.78217,440.8442,789.3475,-260.33765,540.5438,668.9335,355.72842,798.93774,365.5888,-197.28282,813.60925,359.1206,197.1258,1089.9474,487.0074,-65.70952,1093.9744,470.44568,276.1846,1374.614,560.0281,60.382492,1366.7253,529.6517,419.3183,1432.1962,547.5723,66.14129,1423.0891,513.6779,428.9831,1372.5664,668.73804,-61.22075,1384.7319,635.6448,336.706
pushupsup9.jpg,375.51202,537.588,-372.1116,353.34503,523.4983,-427.33362,354.29398,519.0114,-427.30695,355.2462,514.2804,-427.38962,349.98254,524.5356,-367.33548,348.7975,522.00305,-367.35297,347.93628,519.6213,-367.5481,370.69757,478.3098,-555.2125,359.5036,485.73865,-274.3612,406.2098,517.4145,-404.8285,404.24335,521.6097,-321.80692,543.73157,429.05472,-616.85974,478.7077,425.03473,-50.566826,655.18787,610.67175,-614.4403,549.3044,554.87225,179.2823,652.7548,783.3183,-570.19354,543.0958,697.1594,67.6541,643.6368,822.741,-679.56067,517.2195,717.20984,34.925922,618.0585,810.96594,-660.927,507.62387,727.0031,-38.76586,621.54974,794.42883,-570.3749,525.88855,719.03796,30.796545,870.3732,409.6183,-184.2593,827.0988,412.3438,184.64429,1060.6833,473.28622,260.5079,1019.7218,475.3621,607.4281,1233.4647,515.3206,747.4693,1173.1261,505.19016,1097.8738,1270.0815,499.04306,785.5626,1208.7306,489.26367,1146.9991,1241.72,619.3059,658.1249,1180.6409,602.14465,1079.5455
