pushupsdown1.jpg,507.05096,743.3141,-46.41094,487.62244,726.7324,-83.37107,488.50095,723.85315,-83.43247,489.24396,720.85394,-83.42553,486.68198,725.3363,-23.702822,486.82355,721.93195,-23.778175,487.13077,718.5189,-24.034302,504.26273,693.8214,-178.58868,500.20255,692.8262,84.67174,534.0624,734.2052,-67.70309,532.8012,733.61615,6.951704,637.417,672.6766,-260.88647,629.18835,625.8253,231.28212,808.7952,659.6479,-214.5765,809.2413,568.59204,371.43723,751.66766,794.05743,-217.75444,768.6837,684.55646,402.07993,710.35925,818.8444,-243.46722,734.77625,691.52905,396.24075,688.8523,800.09753,-211.81607,722.32623,703.94965,347.99078,700.64417,795.24005,-206.20956,734.8802,704.1123,378.8503,969.1681,676.94104,-162.10962,956.62994,646.6978,162.30641,1214.356,667.1706,-52.42673,1207.2952,649.21094,198.54674,1444.4858,654.3243,71.36381,1427.5348,627.9286,370.51385,1480.7815,632.9274,79.212616,1464.3469,601.47064,377.75592,1475.3257,728.14844,-37.990055,1460.8973,707.92786,273.53827
pushupsdown10.jpg,421.7901,848.3097,-363.65088,402.13547,847.0069,-431.05142,403.94357,845.8689,-430.6338,405.74008,844.5272,-430.5847,395.3334,840.4186,-383.15747,393.03204,835.30835,-382.80698,390.8727,830.27783,-382.99048,416.5351,811.50134,-561.48944,396.33768,793.6574,-336.84393,449.16333,827.119,-393.17307,444.54483,821.12054,-325.87723,592.0246,723.6152,-562.5575,444.30215,644.28455,-147.77226,775.4182,690.44244,-356.29883,557.34033,585.8355,233.4007,745.9971,787.0797,-124.48947,554.2268,702.59375,462.36472,742.6811,806.86206,-179.24738,535.83435,725.15204,474.30627,715.3603,811.59,-179.05963,534.43713,732.48737,441.2181,711.2731,798.01276,-120.579414,548.13605,722.4554,452.4149,840.3695,623.39087,-180.15216,761.8828,582.2668,180.69339,984.3179,564.82056,314.70706,940.8309,555.5152,625.6235,1117.9177,521.3133,858.391,1041.7035,534.93134,1154.1278,1142.9363,490.29056,915.8442,1067.8798,507.08588,1219.3591,1139.6083,615.9834,926.72766,1057.4744,636.0177,1265.7725
pushupsdown13.jpg,947.9306,753.17615,-741.78754,961.8419,741.7399,-766.03876,966.59247,736.87476,-766.1729,971.48517,732.74854,-766.1139,947.8847,746.1896,-801.4125,943.8077,744.47614,-801.464,939.51953,742.72614,-801.62805,977.9816,703.04596,-732.16675,936.59296,710.3945,-887.9481,946.15845,732.11505,-706.7334,935.90985,737.61536,-751.39557,1010.35254,615.6837,-603.5922,828.7209,631.8291,-752.42633,1021.43567,623.60065,-298.82983,687.68396,679.70514,-769.4861,1022.7399,669.615,-131.89465,722.1664,799.6337,-817.42834,1041.6234,670.15643,-126.22534,721.3599,825.4036,-882.1988,1019.8437,684.0663,-153.21768,750.265,813.8629,-880.0944,1006.53546,686.1316,-133.66902,759.4165,806.7477,-818.8197,825.2371,603.93805,84.60152,750.14496,610.14374,-84.49803,769.84814,567.54333,693.1196,669.14954,566.0789,514.1398,713.39453,496.9395,1277.0145,592.29095,512.85767,1065.6399,700.63544,472.67953,1337.6317,577.533,490.52045,1125.6167,720.17377,522.25116,1304.3704,575.25714,551.4533,1096.5232
pushupsdown14.jpg,1282.3003,853.901,-387.15656,1305.3534,836.6942,-403.52084,1310.407,830.3415,-403.38626,1315.3523,824.4619,-403.5166,1290.1403,844.8706,-447.34586,1284.898,843.7696,-447.28802,1279.4711,842.70105,-447.30234,1307.7512,777.337,-365.22595,1259.5784,804.0553,-556.3657,1263.4795,824.5254,-353.49545,1250.4185,831.89105,-406.96478,1257.5607,610.6749,-286.27304,1077.4169,735.569,-508.1647,1168.7556,554.72217,70.959076,877.2991,713.0971,-407.03152,1145.3004,673.5411,321.6013,921.3931,803.795,-261.3553,1162.616,692.5984,334.50046,931.2935,826.4048,-286.71228,1151.562,700.252,299.06735,964.147,815.6253,-278.49008,1133.8378,697.1192,313.23633,962.70575,804.6242,-256.0854,904.7984,557.1362,103.71338,808.5625,616.8997,-103.65549,724.3282,534.44727,507.80896,628.4225,568.8996,290.77765,563.0385,485.1779,942.2393,481.20184,497.8798,702.6065,529.52136,462.2602,990.77216,452.36365,468.8372,747.7321,557.9768,542.99347,1049.2601,475.08984,559.68634,775.8237
pushupsdown15.jpg,1385.5435,768.82996,-71.32379,1413.8484,757.00323,-60.634377,1414.5533,753.8941,-60.40128,1415.3131,751.02094,-60.636772,1412.3287,759.22815,-120.38529,1412.5237,755.9277,-120.3815,1412.5883,752.74896,-120.50529,1405.5991,714.57104,13.976125,1401.21,720.9985,-233.32866,1357.826,748.44196,-29.585785,1357.759,747.49396,-101.05443,1274.6917,573.2924,122.762314,1250.2908,700.2294,-342.11658,1095.9143,509.09415,354.5591,1042.7279,686.2937,-429.26624,1120.7656,631.08734,577.94727,1063.657,807.67224,-516.1053,1136.5648,650.8114,593.6592,1071.5824,838.0434,-584.3541,1158.4479,671.6047,551.75366,1097.0864,839.14734,-565.9182,1147.7189,666.62854,563.65015,1089.1818,821.0799,-510.82568,861.5871,568.1646,157.94344,830.6458,640.11444,-157.33089,558.9945,565.151,238.62383,533.7251,638.4805,16.057987,300.85895,550.0057,377.18655,281.5892,585.77155,179.16136,257.49115,517.6873,388.81845,240.40489,546.7695,190.36978,250.6738,657.23346,347.02457,233.34938,693.1957,124.60221
pushupsdown16.jpg,1350.2817,670.32465,147.63385,1368.4355,659.41455,175.68263,1368.4257,657.5067,175.86406,1368.5336,655.7058,175.58942,1368.5425,658.9109,117.02731,1369.0289,656.3235,117.00868,1369.3972,653.7359,116.838524,1358.5957,635.1134,277.01453,1359.3927,636.5161,27.19859,1329.0591,664.8104,194.48904,1329.6687,661.83014,123.313354,1240.9005,560.27106,416.04028,1255.8629,646.0648,-161.24954,1113.5199,518.27924,703.57214,1103.407,656.9562,-415.3864,1173.3802,591.0589,964.42816,1177.8893,738.8111,-637.3339,1189.4448,601.1754,1000.40094,1198.2775,762.80994,-692.8075,1209.0935,612.5345,969.7497,1217.4655,754.3172,-672.3425,1204.2708,615.0809,956.4926,1206.0984,743.2395,-631.01825,935.21564,570.9337,194.27385,928.7728,618.54956,-194.11331,664.81946,609.29175,137.02245,661.8325,658.78,-208.50072,412.63007,618.89874,163.91862,417.11713,658.97766,-227.01921,368.662,596.6078,158.74564,379.21634,630.627,-231.29599,368.13562,712.0594,72.534225,364.63983,757.4554,-331.54813
pushupsdown17.jpg,1191.8848,587.45294,680.7286,1204.32,582.23846,721.8983,1201.8165,581.86975,721.92413,1199.7163,581.5353,721.40063,1212.0525,577.213,660.29346,1215.5576,573.0706,660.1999,1218.7642,568.76465,659.9565,1197.132,565.52844,853.47577,1222.7734,548.14307,573.4615,1175.9203,580.1545,728.9521,1183.8457,574.26935,647.8498,1110.097,553.00665,934.6764,1195.621,512.991,336.4301,1023.8007,590.99884,963.41516,1112.4246,600.81476,326.65512,1141.909,611.4376,928.1209,1111.8721,636.76355,615.0779,1182.8687,619.94666,933.8781,1118.2242,648.3455,650.29706,1198.3834,623.3703,956.09625,1120.8113,635.76135,656.8084,1184.446,615.3045,927.0635,1112.2238,632.809,634.4543,917.48267,565.6277,196.19879,953.0779,529.0962,-196.23041,723.62933,668.9836,-209.99835,759.57806,618.70056,-551.86725,467.35303,653.18756,-479.38104,490.12915,646.7373,-948.3019,425.23138,630.14264,-511.75586,440.14532,618.74854,-985.04803,416.51077,716.5258,-629.4077,440.07797,747.0516,-1118.1206
pushupsdown18.jpg,1127.9137,556.2725,475.27475,1136.7314,545.2141,504.39417,1135.3175,543.3693,504.54816,1134.1501,541.5663,504.20163,1139.6095,544.24274,447.347,1140.4065,541.412,447.3609,1141.0071,538.45703,447.05035,1126.5299,521.54083,597.5386,1135.3079,518.08575,343.01398,1112.2268,548.06866,509.60828,1115.6643,546.34674,437.2096,1040.3229,514.6025,649.005,1085.4193,484.3821,135.17395,960.68414,515.8429,771.4931,1031.2633,566.73865,31.615423,1020.9146,533.60846,841.6864,1081.0066,610.2224,189.60703,1039.0546,535.2245,865.03534,1096.1941,623.476,214.91757,1049.5065,543.44507,873.3804,1098.3403,608.97504,224.41281,1044.8429,542.4181,840.7461,1089.7302,605.36395,206.08394,878.4067,542.1115,158.68336,891.0095,520.289,-159.07982,715.2629,611.2796,-184.70078,731.5781,577.07715,-543.30457,500.4835,620.31323,-365.0393,515.1242,609.9075,-806.50024,460.09506,605.792,-391.92218,469.09625,591.235,-832.76447,477.26865,681.7347,-473.1818,498.55283,683.1326,-920.244
pushupsdown2.jpg,600.6908,631.45135,-151.9676,581.3799,622.16534,-200.38686,580.4159,619.1992,-200.2957,579.3779,616.22894,-200.29712,582.55774,622.25433,-141.79903,582.4076,620.063,-141.80684,582.3603,617.8889,-142.07486,583.8059,591.22955,-284.13895,586.55493,592.9857,-14.097423,617.39374,616.6626,-173.86902,618.80066,618.39435,-95.32866,688.9678,557.68787,-363.68854,684.8389,543.9032,191.47075,821.3952,548.07697,-356.903,826.70905,545.25946,112.29476,780.33624,661.1545,-166.08206,771.10657,640.4627,-201.97665,770.103,689.12384,-190.7533,750.29346,663.6838,-238.51872,751.3604,690.91016,-182.98447,738.2505,676.16656,-255.73033,757.5475,675.6554,-157.83473,747.5167,666.84894,-222.94064,969.2555,554.8497,-184.21526,952.901,543.05554,184.27084,1173.167,556.5482,-74.36996,1162.4668,537.48486,313.32126,1374.5778,536.2452,22.749548,1345.0884,525.3269,449.05954,1409.6302,515.35803,24.01972,1379.0714,507.72583,454.91748,1401.4086,622.37555,-87.717804,1368.839,604.27795,382.54742
pushupsdown20.jpg,961.58716,1163.3323,361.99768,980.2724,1152.5425,356.5971,980.318,1149.4854,356.75543,980.35876,1146.4164,356.6558,981.0713,1157.7291,314.04633,982.032,1157.2224,314.24603,982.87286,1156.7627,314.23093,976.83325,1123.8396,327.38678,981.34033,1142.4729,137.14961,945.8041,1153.3657,360.44894,947.1111,1156.65,306.48944,877.8966,1024.493,345.86157,900.2373,1168.7852,-37.0094,747.56903,1001.5274,423.1033,774.83374,1211.4747,81.42406,768.1502,1105.4268,560.56384,813.5261,1269.3214,302.94708,781.5967,1120.9491,599.70996,826.19196,1290.848,311.42883,792.79974,1149.4045,590.4021,841.4575,1281.2754,324.09006,791.1354,1147.1271,556.8417,835.8354,1269.8376,313.93115,598.68115,1067.0513,140.172,601.94727,1145.7887,-139.21088,361.92227,1077.3439,91.4958,363.95944,1151.5785,-125.77177,136.1047,1065.8727,99.74438,141.30653,1128.9928,-91.13925,100.115776,1053.8191,95.46165,103.4822,1102.5065,-91.522385,107.9595,1101.5455,80.64377,112.117805,1197.8064,-113.25908
pushupsdown21.jpg,882.79083,1153.5781,49.988724,900.2498,1146.9344,74.37325,900.5902,1144.6545,74.37824,901.02606,1142.4226,74.13956,901.6646,1147.9407,21.04531,903.28296,1146.0182,21.116312,904.7639,1144.1812,20.957806,898.5451,1122.4612,163.90186,903.0453,1125.779,-69.00069,867.66534,1142.1853,89.35596,869.70416,1141.4227,22.646778,796.8759,1066.6038,317.9929,828.2441,1109.5065,-230.74782,685.30225,1078.3845,499.93967,727.86176,1156.4131,-283.87375,712.11646,1164.954,574.34827,780.64667,1246.9979,-92.083496,724.6293,1184.5741,598.7398,793.44916,1271.8633,-95.11408,734.0465,1199.591,560.4161,808.0951,1264.3478,-82.157394,731.54315,1194.7208,554.2415,802.2298,1253.0988,-78.18284,528.67346,1094.5184,157.91153,529.3391,1112.8525,-157.58105,310.62747,1119.0134,127.906586,325.18652,1141.0225,-118.42241,108.37992,1115.9775,196.95107,132.1062,1148.0464,-27.358799,81.62727,1099.8558,197.58481,101.17874,1126.7822,-20.129463,61.961765,1157.347,123.174385,99.67035,1221.1344,-103.182594
pushupsdown22.jpg,833.03754,1101.8846,558.4493,846.47943,1088.8765,542.85065,846.9846,1083.6073,542.88086,847.61816,1078.4463,542.54816,846.6539,1100.7522,509.35303,847.38,1103.4563,509.63907,847.86395,1105.9845,509.44702,846.3707,1058.7986,468.38907,847.14105,1097.7664,315.4177,824.01044,1088.9307,539.6525,823.7834,1100.5361,496.61267,772.08856,994.14,453.97586,806.2414,1126.374,173.18385,681.2623,999.66376,674.59064,730.6684,1200.9617,398.81067,727.34155,1028.1685,863.4898,784.9355,1157.2031,874.50183,740.12036,1033.5988,889.0067,802.0939,1150.0734,937.6439,746.3468,1040.7366,875.5872,801.462,1135.6791,931.1722,741.4134,1044.723,858.12134,793.3782,1134.0428,887.0841,551.5089,1068.5151,100.22312,566.3834,1136.324,-99.957,345.1661,1117.6528,-28.313614,372.03592,1162.5525,-202.34929,141.5282,1154.6813,-318.47662,175.44656,1161.2399,-508.5334,103.81636,1156.2266,-351.80804,135.39296,1141.6056,-541.2378,113.86225,1182.668,-381.6354,155.58401,1218.5529,-587.9942
pushupsdown23.jpg,941.6087,1116.5411,314.9567,955.8294,1106.9694,310.5035,955.28394,1103.6113,310.7303,954.87146,1100.3324,310.4151,958.56433,1113.6758,276.0735,960.24274,1114.5914,276.23297,961.7197,1115.4941,276.00803,951.04193,1086.4535,277.63837,960.917,1108.4292,119.48357,928.24744,1108.9756,310.22394,931.1915,1114.7542,265.53314,863.64526,1041.0135,332.05316,907.8529,1127.7979,-26.313854,787.58307,1061.0159,511.38953,843.62085,1192.5105,77.940414,858.0879,1079.5547,612.4903,885.2846,1141.7186,405.2528,880.9296,1081.8763,633.0851,903.9024,1133.709,435.69058,887.225,1090.7378,622.5296,899.2582,1117.1051,425.95187,879.14575,1092.6052,606.9822,889.4591,1116.973,411.76944,640.9795,1094.6672,118.013794,648.17084,1141.7804,-117.82593,446.61932,1151.8345,17.845774,452.34576,1172.7328,-214.12434,251.31863,1188.8153,-92.88587,252.78888,1164.0085,-327.5183,218.75058,1186.7751,-110.39385,217.85329,1144.7615,-343.67462,218.78867,1224.3171,-172.95161,225.43051,1215.2299,-423.21414
pushupsdown24.jpg,964.6102,1162.3214,261.4802,980.43964,1150.409,262.8803,979.39374,1146.935,262.91354,978.3365,1143.4288,262.85092,984.0319,1156.4219,219.3362,985.82947,1156.4685,219.33704,987.5387,1156.6115,219.22693,969.8884,1124.1954,260.19357,983.776,1146.4478,67.35767,945.9416,1155.3906,268.10907,950.3007,1159.7135,213.49734,857.12384,1049.3712,324.28528,909.0031,1183.6147,-131.2442,730.9928,1021.88666,436.2414,804.8871,1234.7712,-218.93927,764.03564,1119.3044,576.9573,865.74536,1300.2961,-195.30328,776.42175,1134.4648,610.3397,880.618,1319.9895,-208.81252,789.7587,1157.0992,589.63574,892.95105,1311.3966,-194.74664,788.6426,1154.1995,568.46136,885.3343,1300.4684,-185.74272,582.2774,1141.9464,158.54105,598.60156,1210.8165,-157.5665,350.3831,1211.2681,125.018394,369.5493,1260.4335,-94.4462,132.8501,1250.2102,180.31761,155.27888,1278.1049,-9.838509,95.51462,1238.6948,180.08502,117.12796,1259.1077,-5.154105,110.40014,1311.9448,121.54636,135.4304,1356.1675,-70.89513
pushupsdown25.jpg,991.73914,1215.1058,297.65512,1010.50903,1206.796,289.24075,1010.49664,1203.0114,289.4369,1010.5072,1199.229,289.34387,1011.32996,1213.8773,245.17862,1012.37427,1214.0807,245.54297,1013.2748,1214.3075,245.60709,1005.4621,1176.8325,266.54822,1010.6446,1201.0957,72.08368,974.22955,1202.9194,301.65097,976.2364,1208.5853,246.05292,895.3468,1070.8672,312.8794,922.23047,1219.4126,-86.47932,734.0361,1064.7642,423.3082,772.8647,1267.6742,58.2269,742.1335,1179.393,550.7435,817.73663,1329.5214,333.57394,750.77673,1197.1573,584.61523,831.89465,1350.8461,342.79575,767.6818,1223.7131,566.65753,850.0588,1340.7192,358.34134,766.6081,1221.3134,544.40137,844.31445,1329.3646,347.43433,596.5937,1129.1385,154.47517,598.9169,1210.209,-153.51274,354.0271,1165.9707,138.16112,353.1868,1229.1694,-132.13474,127.28969,1184.0771,182.47316,124.132,1210.1299,-87.45972,87.2855,1169.8706,182.40244,85.451996,1180.9404,-86.3248,100.814514,1247.0697,165.93726,90.7937,1299.9039,-120.26263
pushupsdown26.jpg,867.0274,1227.5906,-303.2684,881.2708,1218.3938,-344.80417,883.78485,1211.8292,-344.8049,886.24634,1205.4882,-344.81284,872.7699,1231.7808,-375.51218,870.0057,1234.3862,-375.19995,866.9812,1236.9471,-374.88782,877.3102,1181.9519,-405.54126,852.0965,1226.3949,-548.2172,856.06793,1210.2754,-307.95993,848.565,1223.9452,-349.59174,837.07477,1086.0859,-260.7213,760.43036,1218.6069,-544.83563,856.20233,1076.5786,56.70616,689.1068,1273.649,-433.75507,920.9785,1151.204,333.24136,730.50275,1347.854,-349.1492,939.48047,1164.0348,357.2105,731.6578,1373.2802,-399.64078,935.48114,1174.1058,326.27722,748.3006,1367.0408,-402.4,924.3216,1172.9825,327.83545,749.33734,1354.1062,-345.73257,577.8395,1101.2598,110.31095,549.8137,1172.5361,-109.96165,414.054,1089.7487,433.49185,367.23666,1149.6993,105.3612,233.68687,1074.5431,702.045,184.82082,1097.178,279.63232,202.38329,1069.5479,729.7839,150.05234,1071.6287,292.17398,211.69669,1081.1782,727.44147,163.11089,1147.294,247.44292
pushupsdown27.jpg,861.3607,1329.7148,-114.39354,880.7615,1319.8167,-127.402504,883.65717,1313.4316,-127.14814,886.47565,1307.1719,-127.351074,872.62506,1331.9541,-169.18433,870.3792,1333.5085,-168.90775,867.9678,1335.0732,-168.7389,881.4537,1275.253,-126.45821,856.39905,1315.2836,-304.53467,846.8278,1306.6925,-99.59159,840.0947,1318.2222,-149.9975,816.8736,1141.5151,-36.905575,732.6218,1290.2505,-367.65372,702.0368,1098.873,244.49702,576.8682,1298.7747,-271.45413,690.3387,1198.3677,511.43314,605.3959,1381.6323,-148.07808,694.46045,1215.7229,532.91644,607.20435,1404.7103,-168.08643,697.8462,1224.2135,510.78586,628.86316,1396.9178,-158.43729,692.2284,1223.6096,504.72015,628.3242,1383.7712,-140.08118,517.32526,1127.9873,114.73543,468.0798,1201.5054,-114.13626,359.36765,1115.5442,445.28638,290.80942,1161.8615,222.24748,203.90411,1074.306,776.2317,136.2066,1096.7539,547.60297,174.38158,1056.4767,810.4039,108.869156,1068.1631,581.8083,189.53688,1114.3542,835.4274,116.49614,1148.1533,582.93427
pushupsdown28.jpg,108.29572,1126.7871,465.79654,95.78943,1123.2834,426.5593,94.02715,1125.1418,426.70834,92.269936,1126.8228,426.89453,102.52224,1116.0612,446.6424,104.87385,1113.2823,446.81927,107.34471,1110.6166,446.449,99.41418,1130.5234,322.6819,119.04965,1105.2678,419.15317,117.977615,1132.683,439.48508,123.425316,1127.8533,467.33704,140.82779,1212.9889,212.32703,219.01057,1060.6377,428.63208,192.62885,1287.5721,156.83273,334.63535,1045.7626,555.1525,122.26605,1247.7627,172.14746,271.19626,1078.2649,702.008,97.265114,1243.353,164.5501,257.12326,1076.7653,728.8722,96.1037,1221.19,169.0673,243.09714,1098.452,726.313,109.95767,1214.8964,172.01242,246.72768,1101.2168,702.96313,370.62195,1231.4742,-93.55504,407.16068,1147.4729,93.68777,595.29126,1287.9327,-250.0252,626.3302,1216.9539,-72.10615,830.1182,1315.8163,-444.14008,858.9374,1270.9142,-223.20476,869.83215,1300.72,-469.18253,895.90735,1274.0085,-246.35005,865.40326,1384.1738,-520.4525,904.6162,1314.2804,-276.42963
pushupsdown29.jpg,153.49817,1178.095,172.59172,138.91124,1164.4204,209.48306,141.27985,1158.8479,209.46605,143.48845,1153.1877,209.40866,130.62392,1182.0868,192.8268,126.728386,1188.7695,192.88611,122.94406,1195.43,192.65128,146.56796,1155.2877,414.78778,118.72412,1211.5881,347.06097,170.48846,1177.3838,251.4013,159.42302,1199.4341,230.06277,227.72345,1149.072,454.33496,159.74,1296.3789,444.46936,348.86087,1132.6052,293.0269,207.68863,1361.613,239.62076,285.79456,1115.8838,-43.05366,122.28031,1336.1097,-95.96431,267.2833,1108.8405,-129.65147,96.94383,1327.6608,-174.14395,251.0129,1101.3411,-115.553986,83.29839,1324.994,-174.9347,256.5094,1109.6702,-53.105244,95.14258,1321.4604,-105.42328,413.84656,1229.8661,-41.834408,393.66516,1322.5137,42.360954,569.9808,1293.356,-457.02405,593.9876,1353.5215,-200.45425,834.9591,1318.873,-576.7936,844.1424,1392.4742,-317.62173,873.55676,1312.3761,-595.564,885.3068,1385.4778,-340.11508,901.3866,1373.6736,-789.3386,908.9469,1432.9908,-512.6267
pushupsdown3.jpg,642.12665,637.26074,98.80948,626.35345,625.90283,71.35058,625.719,623.86365,71.355125,624.9669,621.6903,71.40287,627.5915,624.3517,126.92047,627.9878,621.3634,126.84856,628.56104,618.38855,126.83673,629.0531,601.2442,0.11986059,632.7251,597.552,247.86732,656.1802,631.12946,80.89899,657.3718,628.7675,151.63269,693.8231,572.2997,-137.4912,720.9242,542.9961,371.92325,799.67975,556.98914,-314.82745,845.9075,511.7124,557.4616,776.5698,674.9857,-529.93677,799.10376,631.0137,669.0576,741.3558,693.4224,-555.07837,760.29486,643.3863,686.20715,737.34406,680.723,-517.60156,754.3469,653.9444,649.37573,748.7133,677.4969,-516.2673,766.7021,651.1987,654.17303,957.045,564.8088,-165.91533,957.6432,546.74396,165.45354,1181.7095,569.0976,-176.79074,1177.2229,560.4365,93.2765,1408.3673,558.2867,-242.15636,1388.8765,550.94055,90.66118,1439.7218,534.9292,-248.90753,1421.951,527.9131,80.71007,1455.7695,620.31244,-351.1894,1433.5383,612.7335,-31.704672
pushupsdown30.jpg,164.86418,1172.3293,370.49213,154.85733,1156.2953,395.7153,157.42316,1150.4868,395.60315,159.77701,1144.5636,395.5891,147.7473,1171.9974,400.16113,144.57433,1177.2412,400.20956,141.55043,1182.5367,399.8478,166.34589,1139.5286,530.0286,140.45097,1189.438,561.71295,181.09595,1167.8009,421.63434,170.91406,1188.2445,429.19922,235.98424,1125.3213,504.09784,188.09863,1250.307,616.19556,345.97324,1091.3441,380.31012,191.06448,1329.9452,528.7795,292.59402,1099.7882,236.01877,82.72148,1313.11,458.58875,274.35162,1103.7205,197.31854,45.087376,1307.7196,419.92758,258.3992,1096.4423,213.54149,41.35197,1301.2075,436.09302,265.35486,1100.7751,234.03523,57.057507,1296.8289,455.79822,398.06613,1189.2124,-71.11329,392.89078,1262.6912,71.395996,581.6099,1252.9938,-315.91827,596.25714,1286.9337,-139.49435,822.9817,1287.2488,-525.3602,831.64606,1304.2823,-294.34555,862.19403,1279.067,-551.28015,872.7704,1291.8014,-319.0106,879.02155,1347.4584,-690.3156,884.8931,1355.7537,-448.22498
pushupsdown32.jpg,147.50781,1165.2712,-83.14015,129.25835,1152.8417,-60.53479,130.2662,1146.3691,-60.47083,131.15242,1139.7986,-60.447357,124.99801,1171.1101,-65.00663,122.492615,1178.0023,-64.93925,120.10862,1184.8666,-65.30125,132.14064,1135.8185,106.35267,116.14987,1196.98,96.90058,161.49995,1158.603,-16.379063,155.44789,1182.1753,-19.775425,205.12416,1108.0848,178.6321,167.266,1257.7585,216.90657,336.5605,1079.6066,48.033108,177.74771,1342.8486,82.891396,293.85452,1095.0083,-224.70486,88.37009,1316.6208,-69.6936,280.7913,1098.1895,-276.5889,56.244926,1311.3862,-123.62326,260.1795,1097.1699,-269.54385,54.40653,1304.1945,-107.70365,264.64905,1103.2363,-229.22853,68.13803,1300.8025,-73.19543,402.64868,1166.7938,-60.25844,398.11383,1251.4827,60.3526,597.9551,1218.0763,-209.0503,595.51843,1276.5393,-81.38492,820.8211,1224.8966,-307.8467,809.0934,1275.0721,-107.889725,849.5835,1217.484,-326.83072,840.8598,1259.8341,-123.432045,889.90533,1270.4062,-512.5755,872.0136,1318.7257,-294.52277
pushupsdown33.jpg,85.09199,1203.9257,252.7505,70.85538,1198.9333,205.5799,69.81543,1199.5322,205.71089,68.73345,1199.9115,205.7888,75.6926,1192.6951,244.46129,77.59137,1189.6875,244.65244,79.692665,1186.5681,244.65309,79.2251,1193.8722,62.14922,93.51558,1172.9463,249.9342,100.07883,1204.1366,210.8115,104.53663,1199.893,264.7995,148.09505,1239.3567,-91.0774,197.43288,1112.6632,304.14062,222.929,1307.7057,-186.09138,311.4815,1086.89,413.85483,160.94026,1324.2021,-247.90186,292.55853,1125.1464,491.86438,140.86838,1332.8224,-283.67453,290.82428,1128.6377,510.4159,128.89795,1316.6886,-275.49,279.89893,1141.3578,490.7392,140.40544,1309.0095,-245.2724,279.2986,1142.2528,483.32422,388.9622,1230.8827,-146.57637,409.59314,1159.7838,146.7124,590.2382,1238.8757,-232.1784,593.1984,1194.9689,115.09333,795.7204,1227.2965,-391.908,790.13025,1199.3186,111.58203,828.3043,1209.1956,-412.8329,822.2129,1194.3226,105.06976,834.4543,1289.9514,-486.601,824.22,1238.839,64.95
pushupsdown34.jpg,65.17568,1270.6631,94.588776,50.631535,1259.5029,67.15531,50.28308,1255.9984,67.41311,49.939716,1252.3561,67.47525,53.016716,1261.4589,109.39844,54.02396,1261.018,109.38277,55.22648,1260.4915,109.3695,63.00609,1237.4454,11.447731,69.70658,1243.0769,208.12349,84.45305,1261.3976,83.417076,86.125305,1267.873,139.66304,143.12262,1279.0911,-108.40817,186.06383,1171.431,308.30612,242.09015,1338.2684,-355.50635,326.93555,1139.423,439.00073,136.40903,1374.0782,-553.243,285.5293,1158.9286,583.835,105.71681,1378.8818,-601.12366,277.19452,1154.9929,618.3648,90.51161,1371.5197,-574.0547,263.01303,1170.9097,600.8722,107.31474,1366.6326,-546.2199,266.42532,1174.9313,578.89355,404.56293,1290.053,-148.73157,420.51425,1232.929,148.31848,625.84357,1318.5319,-242.45383,640.22876,1277.7206,57.37551,850.9852,1308.9099,-369.91342,855.21533,1292.2229,51.511112,889.7597,1288.8191,-386.8078,893.91656,1283.1501,44.079773,886.74023,1375.7826,-473.04263,887.5951,1345.8181,-25.643627
pushupsdown35.jpg,176.31009,1146.6469,140.03922,165.35619,1133.3286,168.27527,168.17946,1128.4723,168.26236,170.84663,1123.541,168.27953,156.43132,1148.1593,156.2596,152.39091,1153.5142,156.2309,148.46918,1158.8125,155.98723,174.25502,1124.2872,333.88898,144.39084,1171.3188,286.93225,192.16881,1147.0013,203.87013,180.40753,1165.2954,188.71529,246.78928,1115.2764,378.54788,184.87419,1245.3264,355.79538,355.70038,1078.7849,233.41478,211.41933,1321.8525,188.16306,279.49588,1079.2,-6.676095,111.57961,1300.8804,-73.86416,254.6467,1078.1035,-60.687927,77.90748,1294.9983,-130.62178,238.37135,1074.5522,-39.439022,69.99281,1287.3207,-120.932144,248.1234,1080.6528,-10.414303,85.876175,1284.4608,-77.16592,417.43396,1166.5962,-30.180225,404.6592,1247.1245,30.638092,592.497,1214.4388,-357.65292,606.8832,1269.7526,-190.78947,829.0906,1239.5822,-559.6671,838.25665,1290.1031,-386.80365,864.73584,1237.1501,-586.9269,877.1516,1282.6283,-414.57446,887.2229,1286.364,-758.0399,891.62305,1326.245,-568.0617
pushupsdown36.jpg,669.1532,1170.8855,-160.3688,686.8885,1175.0323,-209.3481,693.18536,1171.2784,-209.30133,699.1946,1167.5425,-209.43814,670.2608,1180.9006,-228.09908,665.98157,1181.4912,-228.17082,661.5347,1181.9211,-227.9981,711.0181,1135.1721,-310.7833,657.1594,1157.0884,-386.93323,667.7686,1139.1669,-176.20345,654.2767,1147.49,-195.89722,759.2521,979.9427,-296.32068,546.91907,1029.2148,-380.1078,783.9059,869.9365,-51.37911,363.80563,922.30865,-259.73206,774.06055,984.6345,121.761734,349.61356,1071.4319,-170.6713,792.0151,1007.0391,125.173416,331.94223,1111.3027,-188.3841,774.9332,1021.83997,111.852135,374.96063,1116.5756,-189.63344,760.3861,1015.7887,119.99905,385.0319,1105.8401,-167.63533,538.77515,765.10333,51.020557,428.80923,790.7047,-50.87855,449.29028,652.89886,376.29672,343.61145,647.2839,318.65378,379.39313,551.502,811.8181,293.74988,515.2851,755.4354,367.98178,524.21014,860.55963,283.37915,485.52887,801.9973,369.3857,580.134,910.66077,291.31165,534.76825,861.8455
pushupsdown37.jpg,637.99396,1225.2732,-153.80595,664.18616,1226.0726,-193.2328,670.2109,1221.406,-193.03517,675.9338,1216.8086,-193.2928,646.38666,1233.9066,-219.2628,641.5285,1234.038,-219.20883,636.4769,1234.0079,-219.20184,682.8647,1175.4153,-256.94064,625.0178,1201.6218,-364.9734,628.52655,1187.9281,-156.41826,613.9187,1196.043,-186.59181,700.59357,979.5328,-242.7704,468.31805,1071.4026,-400.1037,700.4572,818.99274,-14.699473,257.33783,961.32635,-261.5014,690.9695,955.2259,201.83485,234.16487,1123.5907,-145.57251,707.54675,984.0207,212.81998,216.78554,1167.7975,-164.99802,693.5886,1007.42957,194.39285,260.73172,1171.9889,-165.94795,678.6987,996.5103,196.34917,270.70477,1154.946,-145.11745,395.5411,746.65137,84.1609,271.85883,781.0755,-83.53023,250.17714,672.82434,487.9822,134.16985,655.6849,318.49542,151.06673,577.0762,986.65845,55.576992,538.1241,809.964,134.84962,541.2971,1043.4254,43.331795,501.43866,861.83966,124.86143,630.6809,1119.3241,42.175976,581.55817,907.3003
pushupsdown38.jpg,945.44073,1107.2329,227.64029,963.2059,1102.8423,233.15753,963.5429,1098.8601,233.31668,963.9353,1094.8441,233.13277,964.5238,1109.7612,179.1559,966.5934,1109.4523,179.45305,968.507,1109.1245,179.63556,965.92255,1069.1947,255.89769,972.6401,1091.9023,15.042851,931.2773,1089.3196,246.61028,934.86127,1095.1053,177.4359,879.81744,948.712,339.55695,891.3804,1075.5786,-155.84843,725.2149,923.1278,457.17288,736.8819,1124.6743,-45.23798,716.3975,1022.21545,551.18713,773.359,1196.9271,253.59154,719.9777,1039.3367,588.25446,781.06335,1217.6436,268.34488,730.30164,1064.5468,565.9787,802.9907,1212.012,278.7792,730.9068,1061.1948,539.5611,800.74023,1202.131,267.10138,568.96454,974.4414,178.45573,561.96906,1037.3378,-177.06673,319.71588,972.4253,185.26047,311.44617,1019.8352,-144.84074,98.60285,961.29,336.31604,93.49801,974.4652,-10.15335,66.60499,943.7335,347.5989,60.770187,945.60657,2.5538135,50.306095,998.3839,314.2451,43.37763,1035.0083,-40.37703
pushupsdown39.jpg,944.65643,1118.6553,1286.6135,953.66656,1101.2605,1261.7095,951.2854,1094.2051,1261.8419,949.2192,1087.3301,1261.8212,960.3639,1117.8765,1221.4309,962.7628,1122.1276,1221.7775,964.81854,1126.0051,1221.7305,939.14813,1067.3079,1099.9526,959.90845,1118.386,915.06714,928.78815,1105.108,1230.3574,934.91254,1120.2528,1176.9108,829.4826,1001.7722,901.7192,949.9032,1160.4641,661.1811,688.99054,1001.7231,963.0358,911.3013,1267.8684,742.4168,629.919,1060.1218,921.4356,935.4256,1294.6355,1104.5536,622.0974,1068.3772,919.77185,952.57336,1304.4358,1152.6364,634.032,1085.6223,908.2497,941.1958,1283.2214,1174.1512,642.6838,1086.0928,910.2299,931.76,1274.62,1129.4584,646.33777,1110.4861,107.38036,708.2778,1203.9062,-106.34965,416.84305,1228.821,15.172259,531.6008,1323.472,-314.41385,169.21706,1334.264,-350.74576,297.84598,1408.4037,-759.4267,124.3398,1349.31,-398.35516,246.86143,1405.052,-813.0154,134.98767,1369.7102,-415.23215,274.7339,1480.2324,-855.09204
pushupsdown4.jpg,687.0202,657.20715,349.1799,674.35986,647.4148,346.48053,673.16943,643.3024,346.47354,671.7382,639.09247,346.15814,677.6748,654.8623,389.45596,678.309,656.2895,389.31155,679.0681,657.87665,388.90662,674.4095,621.83826,337.99915,680.9961,645.0632,539.04016,696.9905,644.29144,341.98932,700.2578,654.482,400.6341,712.0127,585.5981,162.92593,754.7142,638.806,584.55194,777.8325,597.76556,-151.29994,810.2995,662.5274,519.9444,755.1139,637.50934,-281.67365,748.73236,716.95215,301.1481,748.5895,640.6941,-305.63358,736.349,727.94727,259.27533,738.8603,637.5531,-304.09766,727.1837,733.16766,236.09293,742.32336,634.60547,-281.2818,731.02936,728.112,282.33423,908.2438,613.6742,-137.04015,929.24414,641.3795,136.59352,1081.3938,643.2167,-377.7327,1090.9979,641.02954,-183.45125,1272.7762,660.4318,-655.95746,1298.2521,659.2002,-419.29575,1305.2316,649.027,-687.55316,1340.8805,654.80896,-455.04337,1324.322,706.07184,-836.68805,1332.2557,687.524,-609.87476
pushupsdown41.jpg,949.2297,1339.9626,-194.91728,971.7541,1331.6577,-200.70824,974.76825,1326.4719,-200.52126,977.7437,1321.4049,-200.75468,963.0651,1339.066,-253.19106,960.84406,1338.0347,-253.02066,958.4205,1336.988,-252.89409,972.3183,1280.4248,-169.65758,947.1392,1303.2433,-387.87408,929.19464,1311.6713,-166.0689,923.4087,1317.8481,-227.94807,896.86664,1111.4513,-107.045074,781.0386,1244.1562,-436.0566,744.82166,1044.9135,168.4525,557.0189,1242.935,-348.36,729.9357,1156.0933,416.68802,590.82715,1372.8376,-208.47032,740.7228,1171.1346,435.7651,593.43085,1409.2655,-239.37277,743.74896,1190.44,407.8438,628.69415,1399.9946,-232.40836,733.2926,1188.6736,409.21436,629.0128,1382.8025,-202.75684,505.3143,1087.5496,114.69759,435.76816,1153.3317,-113.83673,293.81723,1060.1353,472.62988,212.42717,1113.5483,229.37622,103.07768,1020.824,843.39856,38.057007,1039.64,592.7345,71.21149,999.20734,882.7363,11.717884,1006.88086,631.3026,74.9253,1072.5092,919.1384,6.172793,1107.0748,649.2864
pushupsdown42.jpg,412.06918,1135.4982,649.63416,404.52075,1122.7124,665.1237,407.17773,1120.0802,665.058,409.60272,1117.3138,664.76,397.21036,1128.9106,666.13446,394.28836,1130.3656,666.33856,391.41263,1132.2343,666.1479,417.51904,1111.4553,693.463,391.6181,1134.573,705.432,429.03012,1138.1238,653.9613,419.7213,1146.1696,656.3582,502.62384,1131.8888,597.2474,393.08398,1187.822,522.2737,617.172,1183.8888,373.1653,392.98703,1280.6825,387.73016,698.6752,1226.916,161.41138,397.5309,1344.4203,182.75504,722.4452,1233.8611,154.18864,392.2065,1368.4556,137.72061,710.5852,1235.0894,137.76328,398.54144,1352.8243,150.72827,699.565,1237.2526,150.32251,410.4788,1347.6356,188.27843,688.1263,1248.6345,61.32906,634.4567,1297.5754,-59.52269,760.5651,1111.2487,-235.11198,645.1312,1199.761,-478.30365,789.7269,1246.5421,-454.5858,790.4688,1307.8739,-642.78235,773.49805,1267.9324,-472.7409,806.8617,1326.4625,-658.1706,834.11725,1290.2957,-568.3098,852.4118,1327.0417,-741.6551
pushupsdown43.jpg,147.07715,1246.4827,-20.795177,127.18183,1264.3312,-98.688675,129.93822,1269.6682,-98.866905,132.73044,1274.5773,-99.01733,117.99236,1245.557,-84.50531,114.55507,1238.618,-84.11013,111.43349,1231.4893,-84.0541,151.30275,1265.4269,-301.12305,119.19327,1205.1412,-223.94116,174.14752,1234.4314,-72.23052,165.4664,1219.6676,-48.391907,337.4814,1235.4904,-346.53287,220.64897,1033.8201,-199.15654,538.2902,1178.8745,-118.07591,370.93646,947.25244,59.590843,478.31693,1114.774,159.33746,327.7444,1086.5757,332.51486,469.61188,1114.1296,170.19865,307.0254,1111.632,359.08365,440.76074,1096.0983,163.24332,305.4681,1145.2076,339.50656,440.12418,1089.1703,162.44131,315.8781,1134.4674,328.14542,691.79144,1051.2717,-41.36128,630.22894,939.4792,42.74444,865.63165,984.08044,496.80212,806.1733,889.4726,581.0083,1024.3224,890.3901,971.2606,958.2749,860.45654,1131.5226,1059.2843,860.0556,1022.1593,996.4091,850.3949,1195.1947,1022.1658,925.3823,1051.6416,954.0464,877.80457,1249.7493
pushupsdown44.jpg,155.74771,1293.1179,-86.58475,130.85669,1304.8672,-158.2627,130.35861,1306.9711,-158.07304,129.88588,1308.804,-158.02933,127.104004,1293.2236,-119.08506,124.56336,1288.3129,-118.871796,122.24265,1283.1658,-119.07971,130.40106,1295.1937,-343.97324,117.54912,1257.7471,-157.37799,170.10544,1278.9364,-133.18394,167.62505,1270.5112,-78.09349,265.24637,1275.1708,-387.61658,182.67598,1091.7178,-55.891197,458.5514,1244.3406,-182.6285,331.1514,1010.9293,213.40755,381.5184,1225.1841,171.73613,321.10498,1099.7742,541.2345,361.67322,1232.4117,186.30333,308.42654,1112.2913,599.8165,339.42767,1215.175,195.85765,308.68512,1138.193,584.9906,345.27774,1202.7836,185.65494,317.15878,1133.9773,542.3643,631.0477,1135.6229,-128.99614,584.71265,1029.6157,130.07825,848.3169,1086.7644,308.9114,805.25287,1002.26154,522.45264,1044.484,1006.7617,715.68005,990.79895,959.3601,947.4193,1075.8428,972.848,756.83435,1021.4576,939.53296,993.9078,1078.1875,1074.8341,757.9032,1028.3259,1006.2965,1025.6587
pushupsdown45.jpg,307.2849,980.0987,697.7747,296.67096,976.4401,671.4369,294.5072,976.5032,671.5104,292.4139,976.2799,671.68274,304.62012,974.8943,692.40564,308.08694,973.4404,692.4848,311.6244,972.13385,692.14874,296.41724,977.01917,539.6543,323.58615,970.13696,638.76154,315.5495,983.2923,649.6484,322.5835,983.36035,678.6525,301.9463,1024.9631,379.9252,414.6997,955.07794,519.65656,240.59705,1038.3169,411.75485,456.915,980.12537,614.0082,241.77063,997.958,568.99817,421.15616,1019.0102,824.363,236.64415,990.43005,572.7549,412.1682,1025.5629,880.98596,254.26134,983.42126,587.7859,409.82666,1037.1307,860.31036,263.02164,983.1341,576.47705,410.05902,1036.2754,825.3455,475.1631,1134.8899,-37.048676,534.9192,1096.804,37.445503,682.798,1216.8228,-148.72893,741.8685,1179.1729,-60.87442,902.2667,1280.5155,-428.8949,952.02386,1275.4387,-253.19862,941.86786,1289.0172,-459.04822,983.4382,1294.5524,-275.5417,945.6132,1301.9624,-479.67987,998.5439,1297.7538,-286.70413
pushupsdown46.jpg,191.95364,978.0978,432.52606,183.71666,967.7401,450.12112,185.01607,963.2809,450.06216,186.10648,958.67773,449.958,180.75609,979.7423,477.3822,179.39888,983.32166,477.4636,178.26436,987.06757,477.27954,194.13994,950.2842,525.63055,182.5561,985.1978,651.4935,207.7336,972.76874,454.87787,204.34908,986.8031,490.52905,259.75433,917.4756,413.02368,236.74706,1033.8572,671.68744,275.79767,942.2485,273.00156,233.74387,1079.648,683.39856,221.96205,1007.5881,262.2216,184.27829,1076.8779,780.48517,206.78252,1016.5962,233.54065,175.07877,1073.0243,772.197,201.5914,1017.5779,247.63168,172.03786,1072.3029,768.7487,208.35222,1018.5919,262.18668,177.29346,1071.9468,777.2963,426.27283,1007.37463,-103.897705,403.34967,1085.7604,104.00322,523.5711,1086.9667,-463.22766,468.88715,1148.7225,-341.2924,718.22687,1200.0936,-709.0094,649.4181,1261.6168,-586.7071,759.50287,1210.6392,-735.1267,693.7435,1271.4147,-619.6782,756.2632,1267.2117,-896.5757,684.0835,1309.5063,-779.9532
pushupsdown48.jpg,109.99234,1012.62463,465.23816,98.43555,1007.2434,430.58102,97.26061,1007.3188,430.73703,96.09549,1007.1593,430.664,103.654175,1003.94495,463.4293,105.66908,1001.7342,463.65744,107.890686,999.5975,463.4365,103.15872,1001.7712,315.3557,118.618164,990.022,464.2848,120.68589,1012.88086,428.10864,125.36034,1011.1058,471.5976,139.22696,1032.1842,167.30788,200.71869,961.7947,500.12906,122.72799,1114.7136,214.16336,204.78096,1000.6382,635.0138,93.927765,1063.1504,433.25348,110.42654,1023.9871,768.04553,82.29591,1054.7277,438.7762,86.799866,1024.8285,794.3411,89.28769,1037.3495,444.0482,83.16437,1028.972,774.9067,99.51386,1037.658,438.58087,92.04746,1030.3582,760.5718,342.56638,1097.2916,-113.594864,377.5901,1057.1935,113.70449,497.38907,1163.8909,-281.14505,550.94366,1109.604,-51.39027,689.5666,1182.011,-522.5586,727.2424,1155.3344,-293.05273,724.92926,1171.6816,-547.1298,758.28296,1160.1401,-323.67447,737.7582,1227.3976,-593.3776,770.1925,1187.7717,-367.5016
pushupsdown49.jpg,86.31298,1112.5669,445.08936,69.67561,1109.4692,406.75095,67.656105,1108.2407,406.83075,65.57036,1106.7651,406.96246,75.63562,1109.2598,441.09595,77.32007,1108.7539,441.29657,79.15741,1108.2205,441.15753,67.78807,1098.3629,287.3277,85.183716,1097.9138,454.51804,95.0026,1106.6622,411.42953,100.87522,1109.5067,459.824,108.09044,1129.0494,121.92488,173.13316,1030.2155,505.24936,155.97488,1199.8788,58.08792,279.79575,1055.8541,688.8996,137.42654,1207.1384,93.926285,266.36383,1116.8512,893.76337,130.18384,1212.8219,82.70157,263.92294,1128.4955,934.1685,124.10667,1200.1594,92.68834,257.19843,1141.2064,919.3535,132.36688,1191.0033,98.704,256.36038,1139.7582,888.9564,342.60214,1145.7902,-143.30304,364.72046,1083.7303,143.20972,545.0734,1205.5382,-240.38478,571.7382,1127.2903,3.6098747,758.24365,1184.7903,-529.7507,782.61456,1152.4028,-234.64883,793.777,1158.9872,-561.13336,815.5787,1150.5465,-265.30774,806.6916,1255.7562,-599.9342,839.51324,1186.4982,-295.70306
pushupsdown50.jpg,101.64203,1185.5392,357.84888,81.792,1184.0076,302.24252,79.96622,1185.7917,302.1791,78.0863,1187.3632,302.09583,85.59374,1173.9015,339.60037,86.34968,1169.2849,339.75085,87.35634,1164.6973,339.57996,79.18721,1177.2079,116.857544,89.777985,1145.8287,290.2135,111.65838,1184.335,302.67337,115.86515,1174.6569,354.05896,143.9799,1204.2211,-49.19471,178.29996,1066.592,341.48795,207.31909,1267.1708,-174.41936,280.3417,1058.9423,663.2632,142.79843,1280.9945,-153.36992,220.31009,1122.577,1050.7354,121.03125,1283.374,-162.8536,202.39189,1128.0608,1121.7756,114.48174,1272.9769,-144.36789,194.25726,1144.3635,1095.6362,125.03129,1266.9617,-144.64581,201.65118,1145.5161,1047.515,439.87936,1190.5071,-147.7377,441.41168,1110.5734,147.18805,665.767,1222.7019,-145.31721,662.3019,1152.0498,118.59246,905.6538,1219.0106,-242.65196,891.94904,1179.4645,70.3719,942.71423,1197.2618,-256.04794,931.2828,1176.4176,60.949608,946.3355,1289.6091,-319.07626,929.7195,1221.3501,10.203347
pushupsdown51.jpg,73.36734,1198.4806,226.08159,54.441803,1195.6819,177.56972,53.49256,1197.0364,177.81348,52.438934,1198.2136,177.95753,57.29266,1186.714,211.72803,58.04328,1182.4525,211.7857,58.957184,1178.1096,211.59604,62.058193,1186.0842,11.563674,69.73873,1159.1062,172.68834,91.78749,1194.6829,177.80626,94.51874,1187.7567,224.86095,160.31212,1221.357,-156.07387,182.40161,1064.3754,219.24747,295.0099,1225.3639,-141.53549,343.52716,1015.6685,322.04346,274.59708,1258.3536,26.801804,363.46848,1070.6934,483.59296,269.22586,1271.4929,26.700283,368.12112,1074.7238,512.7856,250.11012,1264.8438,37.168297,358.04932,1091.2947,490.86407,253.09804,1252.366,34.773262,356.64514,1094.3207,475.61603,479.88336,1196.0486,-131.93579,483.7846,1104.7269,131.97159,724.61383,1206.173,-42.861916,722.8367,1127.517,188.0883,961.1592,1180.2766,32.234356,949.425,1137.374,286.28366,999.4037,1156.5214,33.93618,988.2789,1128.9547,289.33142,998.3656,1250.7347,-33.77702,986.5353,1180.225,243.38156
pushupsdown52.jpg,104.28387,1261.9739,-28.160255,84.95471,1260.0858,-84.6721,85.37697,1261.2589,-84.56655,85.72867,1262.2366,-84.5431,82.86098,1249.793,-49.218903,81.85493,1244.7405,-49.105576,81.07331,1239.5253,-49.32946,98.761536,1245.3256,-236.759,90.019035,1213.3605,-69.86869,126.986946,1252.853,-70.22446,125.101845,1245.4589,-21.653334,235.80685,1247.5071,-312.6322,203.88347,1098.763,26.012342,371.12195,1258.3599,-271.05466,332.31552,1054.6919,285.89346,304.38812,1266.6493,-87.344894,268.73184,1120.659,615.6573,283.6479,1276.3147,-89.51893,245.10689,1122.1785,655.6803,264.29953,1264.2284,-76.83383,237.11244,1149.9618,646.5995,271.27048,1255.2891,-79.69248,249.15573,1150.7974,616.7447,553.4864,1166.4872,-132.00215,532.53674,1080.9468,132.31242,787.52783,1147.7264,-30.87594,744.4781,1061.1777,419.4073,1006.1756,1086.2557,20.20322,923.2502,1031.6672,701.00385,1044.6526,1055.581,21.470255,958.07446,1017.0503,730.8854,1025.6764,1159.5237,-32.109676,938.8935,1081.2623,740.4497
pushupsdown53.jpg,162.17282,1305.79,-77.90412,140.34763,1307.3381,-134.14963,140.24115,1306.9133,-134.03477,140.14215,1306.1942,-134.03659,136.80872,1300.1104,-89.95595,134.74704,1295.7856,-89.85606,132.90125,1291.2344,-89.97364,145.09912,1283.1514,-300.04468,133.28558,1262.3081,-96.225426,180.42653,1289.3977,-125.64069,178.11026,1285.0677,-66.54208,268.366,1250.388,-387.30197,224.7477,1122.3434,8.094577,423.71118,1227.0322,-441.78836,363.20755,1062.7703,252.96758,416.47543,1246.8337,-389.91953,378.31244,1134.656,622.64764,413.081,1257.4639,-422.9563,370.59564,1141.3955,680.03265,391.03705,1253.4905,-395.9907,370.5614,1165.8143,651.80835,391.01874,1245.2024,-377.2668,377.38327,1165.1605,618.7897,581.7706,1157.7622,-139.29732,556.8967,1077.22,139.8982,770.6606,1126.9897,196.59926,728.784,1049.554,510.9554,959.7459,1056.8984,476.34747,875.9794,1020.17896,866.5153,990.5797,1026.668,502.2132,902.81665,1006.1324,902.492,987.2844,1114.4642,466.3287,895.9863,1047.5455,895.3189
pushupsdown54.jpg,853.28375,1256.8386,-144.34282,877.71063,1247.4939,-145.61436,880.09595,1242.4009,-145.58755,882.4028,1237.4296,-145.91861,871.78503,1255.5852,-201.55095,870.8867,1254.6183,-201.41954,869.8031,1253.5577,-201.52199,877.90936,1199.2407,-111.32553,860.9108,1222.6707,-351.7358,835.8081,1231.5966,-117.46029,831.9054,1236.378,-185.90504,795.55664,1062.165,-4.566904,728.6936,1169.6406,-454.23624,664.1927,1017.59424,303.10254,539.76215,1177.0918,-421.87534,706.53107,1126.6476,578.2414,598.63745,1262.6759,-316.44992,723.2277,1143.4716,602.8403,609.7209,1289.2477,-355.29367,736.6898,1163.1798,573.9408,637.9879,1278.8501,-361.09085,726.6782,1158.6055,568.11774,632.8349,1268.9059,-314.7828,439.71725,1019.99304,148.18481,390.67505,1076.6113,-147.0735,250.18007,1004.8708,568.7813,178.60928,1048.5817,255.74268,70.11892,970.07367,981.3509,3.1880414,993.5028,611.7647,39.41357,948.1005,1024.3998,-26.334229,958.2552,651.2584,31.308815,1020.7205,1049.5204,-34.965393,1062.066,641.19885
pushupsdown55.jpg,918.6146,1316.5469,116.10546,937.52924,1308.0667,101.672676,938.09485,1303.6276,101.75932,938.6231,1299.2678,101.79989,936.99146,1317.4309,61.84136,937.4946,1318.3013,62.242977,937.8393,1319.1915,62.290115,932.7376,1274.5698,78.16369,932.4845,1305.8575,-99.63865,901.2317,1301.415,119.52398,901.76514,1308.3005,68.502945,827.499,1148.0883,137.2653,835.56866,1318.6826,-229.13107,678.29144,1125.934,228.92406,684.0231,1340.0693,-83.01969,675.43427,1222.2385,310.9547,698.2732,1379.3105,220.90338,678.90027,1237.0713,333.4062,701.50073,1394.946,228.3099,692.0464,1260.9971,310.93222,717.7184,1386.1879,236.79619,692.1585,1259.8635,301.82538,715.6254,1375.4536,233.3189,524.2704,1166.9957,131.7508,517.2706,1259.7512,-130.52765,308.3866,1188.3127,273.79257,291.26367,1243.2938,13.46044,98.497505,1190.0754,431.31503,89.97838,1202.2699,148.88533,60.185455,1177.6472,444.44037,54.88772,1173.698,159.64055,74.00145,1244.9326,467.14536,57.61794,1269.7167,139.93681
pushupsdown56.jpg,963.652,1146.6322,8.719624,981.7306,1142.468,6.9963245,981.0064,1139.8203,7.292609,980.3704,1137.2386,7.268235,983.46765,1146.2651,-35.233135,984.41895,1145.5222,-35.04297,985.2768,1144.8407,-35.114094,968.46454,1118.245,51.25407,975.4367,1131.8186,-134.27118,943.0163,1135.3942,36.85559,946.25543,1136.2328,-17.056202,856.3554,1033.1434,167.15668,877.375,1124.191,-293.40372,734.0511,1069.8047,252.80875,743.0557,1140.4385,-471.18774,718.7266,1156.583,167.3261,764.729,1191.6796,-540.45624,715.8088,1177.066,154.3843,766.234,1206.7416,-586.84937,724.6905,1188.401,115.12195,777.43634,1201.9354,-577.0404,724.45264,1184.52,146.6803,773.70544,1192.3239,-532.0783,562.429,1088.3542,144.56337,568.56024,1144.1108,-143.73492,339.33725,1114.4601,180.46846,339.9671,1160.482,-90.607124,111.780136,1121.0083,208.53412,112.457886,1154.8938,-34.222134,69.932175,1108.2524,205.77142,67.58723,1133.942,-32.690212,86.512184,1167.9354,127.54201,91.41844,1220.37,-126.53555
pushupsdown57.jpg,960.9371,1088.5896,160.3614,975.8755,1076.1212,163.38008,975.36694,1071.9569,163.61794,974.9303,1067.7887,163.49628,976.56744,1082.6733,113.186066,976.90106,1082.6119,113.348114,977.0571,1082.588,113.19217,965.2882,1047.337,194.57472,968.7069,1070.2406,-31.653097,943.13495,1079.611,180.14122,944.1325,1085.197,115.504906,855.1392,999.3848,307.4226,878.14984,1085.3057,-218.34239,746.3242,1032.1246,395.6674,782.274,1165.7845,-134.85089,767.64014,1081.8062,382.11435,822.44586,1182.8785,219.63278,775.91473,1092.6542,389.52618,831.9035,1192.2863,234.15974,782.60736,1103.7198,366.95908,839.34015,1180.0292,234.95099,780.0851,1102.7682,366.51846,835.0303,1172.8834,232.04404,605.76013,1086.9385,169.97668,606.56085,1127.4463,-169.363,415.30545,1157.16,164.2782,403.4478,1168.0404,-197.59686,214.56998,1189.0936,219.44553,197.83923,1178.3878,-218.5206,177.45941,1177.2828,218.02231,157.77196,1155.8215,-224.42462,193.20064,1247.1967,167.5926,182.76157,1260.585,-320.70456
pushupsdown58.jpg,861.52454,1077.323,165.30971,873.36053,1075.7693,202.03577,872.22424,1078.9996,202.01994,871.2346,1082.2657,201.9024,875.2025,1064.5671,174.48409,875.94525,1059.2113,174.4378,876.4315,1053.9525,174.08902,857.501,1075.617,355.99725,863.5062,1039.874,229.74617,839.1666,1082.3958,220.24554,841.30743,1066.3575,184.3092,764.39984,1121.4224,434.40393,753.17804,1011.3781,121.98598,736.0457,1144.8052,494.2266,684.55615,1053.9832,-23.634296,800.6089,1114.9285,500.63232,748.45123,1047.1555,-82.291985,812.81195,1102.3165,492.12112,761.8732,1051.0438,-99.70438,829.76636,1100.0704,481.26743,770.2692,1037.2727,-103.13787,823.7388,1104.2175,491.75394,765.1296,1040.3553,-78.40501,476.53232,1236.1609,101.759865,457.91318,1165.1989,-100.84385,537.04626,1210.761,-135.66365,556.8827,1165.3098,-546.1193,293.41302,1246.838,-325.60806,286.88126,1247.573,-738.8653,258.49188,1241.6715,-347.0106,247.28322,1251.5468,-754.5783,209.43282,1266.4312,-472.80792,211.57428,1305.4027,-868.8905
pushupsdown59.jpg,728.1993,1005.52686,833.28033,731.4675,988.37366,803.6039,728.9114,983.1223,803.79425,726.6135,977.9799,803.64404,737.1857,1001.6259,781.7111,738.716,1005.405,782.0499,739.85364,1009.117,782.0177,715.583,966.9823,673.8265,733.67883,1009.17334,576.0625,715.54724,1000.3608,794.01556,720.6937,1013.60345,766.43494,639.5028,949.65625,560.6173,731.0068,1066.096,465.7747,553.5666,977.67267,624.7765,732.36096,1142.8738,579.7036,550.70624,1002.9508,698.3914,737.9107,1120.3278,904.0792,551.7239,1006.2786,712.3789,742.78406,1117.6481,938.2664,562.8385,1012.6907,713.28564,732.91034,1108.1635,944.1404,565.7208,1016.50714,698.97046,726.78107,1105.0334,915.3283,511.9002,1096.3544,23.427755,551.1049,1163.2834,-22.993732,428.9967,1157.3119,-66.2971,506.07446,1204.7483,-293.42438,259.98682,1239.1996,-405.72803,331.05206,1284.5767,-732.67523,228.42992,1254.4714,-443.0316,294.5334,1292.4349,-779.1679,226.15536,1262.3329,-456.12115,308.37903,1332.6053,-814.3092
pushupsdown61.jpg,978.2085,1311.1061,-8.956349,998.9272,1303.1187,-18.113613,998.39496,1298.9397,-17.803995,997.8568,1294.903,-17.919882,1000.2219,1311.2981,-61.081078,1001.1223,1311.6204,-60.908455,1001.85876,1312.0115,-60.878918,987.09485,1271.7971,-5.682319,992.24744,1297.7317,-192.45166,957.1356,1297.2563,8.377175,960.05927,1302.3125,-45.560623,877.2617,1177.3834,104.50185,887.2618,1286.5508,-346.07956,752.48004,1146.8389,254.03581,752.32666,1280.1827,-526.11444,766.7818,1229.0764,364.12064,746.3495,1352.7589,-631.3576,771.3853,1242.7473,381.5344,738.01715,1370.1207,-674.43756,784.76044,1258.0735,355.07825,749.20074,1373.2412,-662.44025,782.71246,1256.2091,352.93866,750.2029,1362.3348,-624.3802,570.7464,1199.5364,149.1944,567.6168,1260.9425,-148.07675,358.18588,1206.8109,316.0943,344.36163,1254.0634,-26.736292,165.82965,1207.879,460.2427,143.5152,1201.5837,105.908,129.34123,1193.8859,469.03516,112.63537,1166.8735,115.13293,135.91513,1270.4044,441.51868,94.923195,1285.6232,55.959923
pushupsdown62.jpg,839.98676,1328.8953,-283.41687,858.62354,1318.2357,-291.40247,860.7367,1313.1992,-291.2749,862.78735,1308.4177,-291.37112,852.65576,1326.3685,-337.3543,851.14276,1326.0684,-337.14905,849.4342,1325.8036,-337.09213,857.93634,1274.9712,-248.46191,840.0825,1301.4526,-449.086,825.3026,1306.9639,-251.5771,820.7373,1313.1195,-309.05438,791.0549,1154.7335,-123.233246,728.2917,1270.6609,-461.67123,706.80414,1103.3914,146.66402,580.4112,1254.7821,-323.38147,733.5849,1199.0234,399.13928,572.42474,1304.5759,-89.42958,742.5446,1214.4438,422.0543,565.1201,1316.7201,-91.850296,747.2664,1229.5198,395.89813,580.05286,1314.5654,-95.423164,739.54517,1227.7587,391.54102,584.6597,1307.512,-83.76405,503.6193,1148.1263,127.54648,466.36902,1205.9316,-126.87969,338.48923,1140.9885,512.52856,293.43216,1160.138,257.9508,174.4493,1110.8005,898.2904,138.89334,1094.8807,637.8792,148.20538,1095.379,938.823,115.53923,1065.6862,676.5456,134.31181,1144.7948,943.96954,94.246895,1150.571,652.7413
pushupsdown65.jpg,427.29913,1220.1194,-588.33685,419.0765,1231.4147,-629.4483,417.52332,1233.6538,-629.3602,415.96713,1235.6367,-629.3325,423.58853,1225.6904,-625.1245,425.58627,1224.6252,-624.9037,427.77548,1223.4008,-624.8395,425.32397,1241.4286,-630.1122,440.62918,1223.731,-609.19714,439.9738,1219.5016,-568.26373,444.73355,1213.5354,-561.4113,480.62378,1267.3196,-490.80655,476.31024,1172.6146,-432.05075,490.1066,1276.8962,-227.87741,501.36475,1169.0127,-179.7445,474.63815,1246.1487,-81.19705,478.1856,1209.0986,28.861225,473.22824,1243.22,-99.562645,473.18265,1215.8971,41.19091,474.76144,1237.8031,-114.97004,472.25146,1224.9568,27.73084,477.65717,1233.6174,-85.69284,476.00635,1223.889,29.308262,637.01953,1196.4187,-20.334625,629.8754,1151.0825,21.059624,666.2653,1190.3007,438.22043,659.18713,1173.3163,465.7717,718.01807,1172.1794,904.98285,723.6524,1162.3927,946.1026,731.1492,1163.6772,957.48096,740.4793,1151.8708,998.7782,726.0763,1188.8589,968.829,734.87244,1185.4395,1005.2876
pushupsdown66.jpg,814.2336,1406.1208,-537.65375,834.281,1404.79,-567.2703,840.06903,1401.0874,-567.43555,845.6435,1397.8328,-567.50195,819.522,1407.4521,-608.3024,816.366,1405.3944,-608.32227,813.0177,1403.3038,-608.4535,856.36304,1364.223,-550.90125,813.0959,1370.691,-740.99164,812.50854,1379.206,-508.88135,802.36456,1381.9545,-562.6733,893.0275,1237.3741,-441.5488,728.04517,1246.2683,-683.9183,904.6402,1129.7725,-69.609085,587.51953,1176.9006,-572.57416,909.94977,1206.7795,211.01102,585.6489,1303.4924,-505.22406,928.503,1216.193,223.25615,572.90625,1324.3552,-549.58484,918.9687,1223.5024,194.7739,605.0311,1331.2985,-547.15814,905.5504,1219.8795,204.52158,612.8185,1327.6189,-501.364,664.9726,1121.1205,120.62706,593.7974,1130.913,-120.52027,585.696,1088.2275,761.1422,514.01495,1058.135,510.20193,540.6358,1011.52795,1398.0039,481.4329,981.9802,1133.0465,529.98364,983.759,1465.9573,473.36588,949.15155,1201.5391,520.20123,1054.5687,1468.7485,461.46118,1012.8878,1198.628
pushupsdown67.jpg,875.0833,1317.6234,-293.15085,898.6553,1308.6923,-307.10983,901.3404,1304.2129,-307.19244,903.88617,1300.0441,-307.33466,891.0864,1314.64,-355.27512,889.3578,1313.0935,-355.1007,887.4108,1311.5155,-355.11243,901.13544,1262.0907,-277.0783,879.536,1279.1007,-485.78586,857.6755,1292.1342,-264.12952,853.0716,1295.8528,-323.06213,847.16986,1125.8982,-171.34393,726.9306,1207.0028,-494.09106,758.3336,1069.7004,149.69133,529.6296,1193.521,-361.12732,772.35236,1184.7793,391.7905,580.74115,1286.6328,-194.07954,790.08356,1199.5022,409.00494,590.0496,1312.0994,-216.89632,791.3015,1216.479,384.68707,623.4009,1303.0961,-205.70872,781.42957,1212.9872,385.9099,623.6692,1294.7156,-187.6741,521.13855,1084.31,142.42401,457.6718,1124.4468,-141.69371,357.51834,1069.0986,566.6271,271.8316,1059.5233,283.7552,207.9372,1016.7975,1019.9923,133.56789,973.29724,687.83246,179.9233,993.5559,1069.9293,111.63623,937.39417,731.25006,174.07304,1070.5927,1121.0626,89.384125,1032.3942,739.62616
pushupsdown68.jpg,949.652,1313.3204,-190.31686,975.0448,1303.115,-192.05144,976.2854,1298.9541,-191.83243,977.49884,1294.9645,-191.98546,972.0036,1308.3063,-245.24316,971.71594,1306.4552,-245.11652,971.25586,1304.6217,-245.21548,971.3515,1258.7618,-137.78926,963.603,1273.6366,-364.4862,927.56055,1291.0723,-157.0285,926.57825,1293.804,-221.59378,868.22485,1124.6342,-28.29019,817.7675,1233.5321,-418.52774,715.66754,1074.9155,200.60611,630.3767,1222.1555,-320.84442,724.7259,1174.07,388.3018,676.40515,1301.7673,-159.12349,736.664,1187.3499,409.50034,687.03143,1325.0168,-189.20403,748.12115,1209.5828,377.66513,713.618,1318.2122,-182.9137,738.8924,1207.0497,376.88544,708.60266,1306.8823,-153.37306,523.62494,1110.0225,131.64342,485.53412,1169.3594,-130.44914,305.8799,1089.0673,399.71313,265.45172,1144.6824,178.32497,105.13311,1067.3854,664.0674,73.32717,1089.4686,472.35675,70.52251,1049.0336,690.9878,41.298347,1056.5776,501.18127,70.09494,1119.146,687.9657,36.982235,1168.9054,471.00836
pushupsdown69.jpg,964.4346,1248.1383,122.563,986.7507,1238.5625,95.1495,986.72064,1233.7499,95.52955,986.6456,1229.016,95.486565,986.17505,1250.9829,63.213562,986.12775,1253.1346,63.4628,985.9204,1255.3301,63.502842,974.69025,1209.2988,48.064735,974.6377,1250.0657,-91.83202,943.329,1237.4188,119.319374,943.4372,1246.3163,79.353065,853.4662,1102.3882,113.894875,857.30927,1271.4653,-266.24908,718.47516,1084.4196,145.93004,708.7656,1292.035,-336.68716,707.3435,1177.8757,172.43889,713.2449,1322.5435,-313.86923,708.76196,1193.1847,186.69768,709.94885,1335.813,-335.0494,717.3608,1213.2875,172.10483,722.88446,1327.9329,-324.09213,717.7395,1211.872,163.46649,721.49976,1317.4154,-306.2452,539.538,1121.7224,131.46483,538.26447,1216.8152,-130.01932,323.98096,1146.0618,271.73007,301.7475,1203.9579,20.665258,103.12773,1146.9529,376.55096,85.47903,1162.0651,144.03853,59.757824,1135.1404,382.98724,47.788982,1130.3353,153.12192,87.7167,1198.4878,386.1778,54.417053,1241.9508,133.8988
pushupsdown70.jpg,919.63495,1154.3202,85.57505,934.2655,1147.1453,60.20913,933.7657,1143.2698,60.46755,933.3423,1139.6003,60.374928,935.8043,1157.7927,58.237183,936.66565,1161.2909,58.32174,937.3655,1164.8657,58.31514,924.52423,1136.098,-6.6418576,930.13794,1173.269,-13.575122,902.9616,1152.373,67.18792,904.60223,1161.9156,65.845215,813.6957,1111.595,-5.956149,841.7975,1221.133,-129.81468,704.37866,1072.0066,-13.569434,743.43414,1263.6721,-361.06415,660.6407,1075.7339,17.19489,733.42456,1254.1212,-511.3408,649.1868,1076.4305,-0.4963884,729.4427,1253.375,-535.4341,650.4133,1085.4811,3.0363505,726.0725,1239.0859,-533.45245,656.0442,1090.3711,19.123112,725.813,1235.6167,-512.0861,542.9429,1166.2286,64.25657,561.1905,1223.9419,-62.778744,351.44925,1198.3171,207.98628,355.7237,1222.0128,-3.208227,165.0375,1202.631,335.42648,156.54413,1201.1531,42.976837,134.32341,1198.2367,337.01358,120.00076,1177.4661,41.65551,137.18748,1217.1455,254.40524,136.59552,1254.7147,-59.48799
pushupsdown71.jpg,884.42346,1159.9111,-3.991291,900.6171,1160.1355,34.884823,901.90704,1165.0372,34.87791,903.33563,1169.8986,34.707397,897.43097,1144.2859,13.051003,896.72125,1137.7721,13.083357,895.7952,1131.3313,12.868265,901.53406,1170.3505,228.1406,890.4282,1118.4349,121.97019,871.24963,1169.5565,67.12755,867.516,1150.1095,37.03225,834.5328,1221.7795,300.467,795.1014,1086.4364,81.10066,786.81757,1262.7352,141.377,676.0231,1102.7681,-39.36505,806.3772,1179.5902,-97.53778,728.47253,1121.0245,-102.93533,810.2656,1161.3108,-181.34164,741.81287,1133.312,-144.9347,813.91473,1150.5583,-152.82782,761.2386,1119.5367,-157.19388,808.96405,1153.5984,-99.25007,756.02014,1118.8352,-106.76287,589.2376,1270.9634,112.1886,569.2302,1193.0004,-111.54406,430.15445,1301.3138,-28.607777,438.8637,1246.018,-351.32153,228.64389,1300.8383,18.825928,224.6658,1253.3873,-450.67316,191.14847,1285.4735,12.277915,182.5767,1240.7734,-468.58728,190.01141,1348.0294,-143.25636,189.53139,1309.6743,-650.0866
pushupsdown8.jpg,268.74918,611.8674,111.766815,244.67863,602.0345,79.606606,242.45352,598.6524,79.55065,240.14929,595.1533,79.349434,248.39467,604.7872,122.95426,248.9311,603.49396,123.04091,249.51099,602.1496,123.151184,241.41142,572.03937,19.276386,251.67232,578.85706,220.70338,282.8072,596.1959,99.97891,287.20892,601.3702,159.36923,346.70636,560.12775,-60.427944,360.0564,503.96976,335.0946,521.0504,577.1722,-207.9931,472.99103,557.0942,510.6648,536.1483,601.8528,-250.0282,401.66324,681.26,584.37775,531.4612,603.5353,-277.90338,373.56024,709.5956,598.80664,519.9122,602.4346,-265.97867,364.56683,721.9285,574.6137,523.4771,598.21423,-247.67084,377.96707,713.9779,571.0855,686.5365,549.21576,-150.01277,683.5405,512.3754,150.1965,972.24023,595.5606,-207.62592,969.20154,524.1203,57.413853,1277.5632,617.3999,-295.2989,1269.1835,537.65765,-33.068745,1325.9296,597.4064,-309.80765,1327.167,518.3974,-48.405285,1320.6312,707.0424,-414.80045,1295.5732,617.7326,-145.92387
pushupsdown9.jpg,270.634,766.08307,-180.91547,243.17476,750.8653,-229.76541,243.03308,745.832,-229.92355,242.81668,740.69385,-230.04712,241.85355,753.8285,-172.84201,240.71262,751.858,-172.77878,239.69003,749.92584,-173.05269,252.68457,700.8714,-330.83755,246.2692,714.2802,-73.99459,299.48648,740.5977,-204.794,298.28607,747.2086,-129.50482,435.99057,634.78174,-399.66998,379.56268,630.5529,115.15531,655.314,645.2515,-289.05014,574.32245,619.0954,276.4023,594.9462,783.82074,-41.001423,527.3571,746.47644,225.9854,585.23114,821.123,-70.09064,507.4545,769.87964,213.39064,544.3334,819.4017,-68.89805,487.52496,792.2266,173.86241,545.2386,801.00854,-38.009853,498.26843,781.7955,201.72217,795.2118,583.2932,-168.50975,757.015,581.04016,169.14827,1053.8662,568.498,2.0753477,1028.5132,557.4728,269.60056,1292.1222,524.92224,233.39839,1262.9696,513.2318,416.05295,1327.7313,494.5302,249.1697,1301.9291,481.9488,427.33444,1340.6969,609.9236,188.90497,1310.0645,600.1369,384.84018
